,id,year,zip_code,city,state,request_type,request_id,count
0,100012,2018,78704,Austin,TX,city,CITY:US480005,22273.0
1,100012,2019,78704,Austin,TX,city,CITY:US480005,22136.0
189,122190,2018,78731,Austin,TX,zip,ZIP:78731,22273.0
190,122190,2019,78731,Austin,TX,zip,ZIP:78731,22136.0
217,144757,2018,78759,Austin,TX,zip,ZIP:78759,22273.0
218,144757,2019,78759,Austin,TX,zip,ZIP:78759,22136.0
247,174161,2018,78729,Austin,TX,zip,ZIP:78729,22273.0
248,174161,2019,78729,Austin,TX,zip,ZIP:78729,22136.0
657,214066,2018,78723,Austin,TX,zip,ZIP:78723,22273.0
658,214066,2019,78723,Austin,TX,zip,ZIP:78723,22136.0
745,217472,2018,78756,Austin,TX,zip,ZIP:78756,22273.0
746,217472,2019,78756,Austin,TX,zip,ZIP:78756,22136.0
977,230019,2018,78757,Austin,TX,zip,ZIP:78757,22273.0
978,230019,2019,78757,Austin,TX,zip,ZIP:78757,22136.0
1147,246008,2018,78748,Austin,TX,zip,ZIP:78748,22273.0
1148,246008,2019,78748,Austin,TX,zip,ZIP:78748,22136.0
1376,291968,2019,78617,Del Valle,TX,county,FIPS:48453,22136.0
1379,292568,2018,78617,Del Valle,TX,county,FIPS:48453,22273.0
1490,312543,2018,78745,Austin,TX,zip,ZIP:78745,22273.0
1491,312543,2019,78745,Austin,TX,zip,ZIP:78745,22136.0
1673,497787,2018,78726,Austin,TX,zip,ZIP:78726,22273.0
1674,497787,2019,78726,Austin,TX,zip,ZIP:78726,22136.0
1806,583370,2018,78737,Austin,TX,zip,ZIP:78737,22273.0
1807,583370,2019,78737,Austin,TX,zip,ZIP:78737,22136.0
1881,775555,2018,78660,Pflugerville,TX,zip,ZIP:78660,22273.0
1882,775555,2019,78660,Pflugerville,TX,zip,ZIP:78660,22136.0
1911,810714,2018,78652,Manchaca,TX,zip,ZIP:78652,22273.0
1912,810714,2019,78652,Manchaca,TX,zip,ZIP:78652,22136.0
2032,R072533,2018,78717,Austin,TX,zip,ZIP:78717,22273.0
2033,R072533,2019,78717,Austin,TX,zip,ZIP:78717,22136.0
2072,R516103,2018,78613,Cedar Park,TX,zip,ZIP:78613,22273.0
2073,R516103,2019,78613,Cedar Park,TX,zip,ZIP:78613,22136.0
2080,100,2011,Unknown,Unknown,AZ,county,FIPS:48453,22310.0
2089,11,2011,Unknown,Unknown,AR,county,FIPS:48491,22310.0
2105,128,2011,Unknown,Unknown,MI,county,FIPS:48209,22310.0
2265,280,2011,Unknown,Unknown,NY,state,FIPS:36,22310.0
2271,286,2011,Unknown,Unknown,TX,state,FIPS:48,22310.0
2272,287,2011,Unknown,Unknown,VA,state,FIPS:51,22310.0
2273,288,2011,Unknown,Unknown,MA,state,FIPS:25,22310.0
2275,29,2011,Unknown,Unknown,WI,state,FIPS:55,22310.0
2278,292,2011,Unknown,Unknown,MI,state,FIPS:26,22310.0
2282,296,2011,Unknown,Unknown,GA,state,FIPS:13,22310.0
2286,30,2011,Unknown,Unknown,MN,state,FIPS:27,22310.0
2297,31,2011,Unknown,Unknown,LA,state,FIPS:22,22310.0
2305,317,2011,Unknown,Unknown,NJ,state,FIPS:34,22310.0
2307,319,2011,Unknown,Unknown,DC,,,22310.0
2308,32,2011,Unknown,Unknown,FL,state,FIPS:12,22310.0
2311,323,2011,Unknown,Unknown,CA,state,FIPS:06,22310.0
2312,324,2011,Unknown,Unknown,IL,state,FIPS:17,22310.0
2315,330,2011,Unknown,Unknown,TN,state,FIPS:47,22310.0
2316,331,2011,Unknown,Unknown,PA,state,FIPS:42,22310.0
2317,332,2011,Unknown,Unknown,WV,state,FIPS:54,22310.0
2319,336,2011,Unknown,Unknown,AL,state,FIPS:01,22310.0
2326,342,2011,Unknown,Unknown,NE,state,FIPS:31,22310.0
2333,352,2011,Unknown,Unknown,NH,state,FIPS:33,22310.0
2335,355,2011,Unknown,Unknown,OR,state,FIPS:41,22310.0
2338,360,2011,Unknown,Unknown,RI,state,FIPS:44,22310.0
2339,361,2011,Unknown,Unknown,NC,state,FIPS:37,22310.0
2344,368,2011,Unknown,Unknown,NV,state,FIPS:32,22310.0
2345,369,2011,Unknown,Unknown,CT,state,FIPS:09,22310.0
2348,371,2011,Unknown,Unknown,MD,state,FIPS:24,22310.0
2369,399,2011,Unknown,Unknown,IN,state,FIPS:18,22310.0
2370,4,2011,Unknown,Unknown,AR,state,FIPS:05,22310.0
2375,408,2011,Unknown,Unknown,DE,state,FIPS:10,22310.0
2379,411,2011,Unknown,Unknown,OH,state,FIPS:39,22310.0
2385,42,2011,Unknown,Unknown,CO,state,FIPS:08,22310.0
2392,430,2011,Unknown,Unknown,MO,state,FIPS:29,22310.0
2422,466,2011,Unknown,Unknown,ID,state,FIPS:16,22310.0
2425,472,2011,Unknown,Unknown,UT,state,FIPS:49,22310.0
2448,499,2011,Unknown,Unknown,AZ,state,FIPS:04,22310.0
2482,538,2011,Unknown,Unknown,WA,state,FIPS:53,22310.0
2550,608,2011,Unknown,Unknown,KY,state,FIPS:21,22310.0
2552,610,2011,Unknown,Unknown,SC,state,FIPS:45,22310.0
2575,636,2011,Unknown,Unknown,KS,state,FIPS:20,22310.0
2586,648,2011,Unknown,Unknown,OK,state,FIPS:40,22310.0
2623,681,2011,Unknown,Unknown,NM,state,FIPS:35,22310.0
2886,94,2011,Unknown,Unknown,ME,state,FIPS:23,22310.0
2904,1280,2015,98134,Seattle,WA,city,CITY:US530018,22391.0
2905,1280,2016,98134,Seattle,WA,city,CITY:US530018,22360.0
2906,1280,2017,98134,Seattle,WA,city,CITY:US530018,22358.0
2907,1280,2018,98134,Seattle,WA,city,CITY:US530018,22273.0
2908,1280,2019,98134,Seattle,WA,city,CITY:US530018,22136.0
2909,1280,2020,98134,Seattle,WA,city,CITY:US530018,22016.0
2910,1280,2021,98134,Seattle,WA,city,CITY:US530018,21824.0
2911,1280,2022,98134,Seattle,WA,city,CITY:US530018,21561.0
2966,19448,2015,98199,Seattle,WA,zip,ZIP:98199,22391.0
2967,19448,2016,98199,Seattle,WA,zip,ZIP:98199,22360.0
2968,19448,2017,98199,Seattle,WA,zip,ZIP:98199,22358.0
2969,19448,2018,98199,Seattle,WA,zip,ZIP:98199,22273.0
2970,19448,2019,98199,Seattle,WA,zip,ZIP:98199,22136.0
2971,19448,2020,98199,Seattle,WA,zip,ZIP:98199,22016.0
2972,19448,2021,98199,Seattle,WA,zip,ZIP:98199,21824.0
2973,19448,2022,98199,Seattle,WA,zip,ZIP:98199,21561.0
3017,19471,2015,98108,Seattle,WA,zip,ZIP:98108,22391.0
3018,19471,2016,98108,Seattle,WA,zip,ZIP:98108,22360.0
3019,19471,2017,98108,Seattle,WA,zip,ZIP:98108,22358.0
3020,19471,2018,98108,Seattle,WA,zip,ZIP:98108,22273.0
3021,19471,2019,98108,Seattle,WA,zip,ZIP:98108,22136.0
3022,19471,2020,98108,Seattle,WA,zip,ZIP:98108,22016.0
3023,19471,2021,98108,Seattle,WA,zip,ZIP:98108,21824.0
3024,19471,2022,98108,Seattle,WA,zip,ZIP:98108,21561.0
4323,20170,2015,98118,Seattle,WA,zip,ZIP:98118,22391.0
4324,20170,2016,98118,Seattle,WA,zip,ZIP:98118,22360.0
4325,20170,2017,98118,Seattle,WA,zip,ZIP:98118,22358.0
4326,20170,2018,98118,Seattle,WA,zip,ZIP:98118,22273.0
4327,20170,2019,98118,Seattle,WA,zip,ZIP:98118,22136.0
4328,20170,2020,98118,Seattle,WA,zip,ZIP:98118,22016.0
4329,20170,2021,98118,Seattle,WA,zip,ZIP:98118,21824.0
4330,20170,2022,98118,Seattle,WA,zip,ZIP:98118,21561.0
4799,20407,2015,98117,Seattle,WA,zip,ZIP:98117,22391.0
4800,20407,2016,98117,Seattle,WA,zip,ZIP:98117,22360.0
4801,20407,2017,98117,Seattle,WA,zip,ZIP:98117,22358.0
4802,20407,2018,98117,Seattle,WA,zip,ZIP:98117,22273.0
4803,20407,2019,98117,Seattle,WA,zip,ZIP:98117,22136.0
4804,20407,2020,98117,Seattle,WA,zip,ZIP:98117,22016.0
4805,20407,2021,98117,Seattle,WA,zip,ZIP:98117,21824.0
4806,20407,2022,98117,Seattle,WA,zip,ZIP:98117,21561.0
18255,100016,2018,60201,Evanston,IL,county,FIPS:53033,22273.0
18256,100016,2019,60201,Evanston,IL,county,FIPS:53033,22136.0
18267,100294,2019,60202,Evanston,IL,zip,ZIP:60202,22136.0
18268,100374,2018,60202,Evanston,IL,zip,ZIP:60202,22273.0
18431,108426,2018,60602,Chicago,IL,city,CITY:US170006,22273.0
18446,109505,2019,60201,Evanston,IL,county,FIPS:17031,22136.0
18448,109653,2018,60201,Evanston,IL,county,FIPS:17031,22273.0
18455,1050,2016,80239,Denver,CO,zip,ZIP:80239,22360.0
18456,1050,2017,80239,Denver,CO,zip,ZIP:80239,22358.0
18457,1050,2018,80239,Denver,CO,zip,ZIP:80239,22273.0
18458,1050,2019,80239,Denver,CO,zip,ZIP:80239,22136.0
18459,1050,2020,80239,Denver,CO,zip,ZIP:80239,22016.0
18460,1050,2021,80239,Denver,CO,zip,ZIP:80239,21824.0
18461,1050,2022,80239,Denver,CO,zip,ZIP:80239,21561.0
18526,1127,2016,80249,Denver,CO,zip,ZIP:80249,22360.0
18527,1127,2017,80249,Denver,CO,zip,ZIP:80249,22358.0
18528,1127,2018,80249,Denver,CO,zip,ZIP:80249,22273.0
18529,1127,2020,80249,Denver,CO,zip,ZIP:80249,22016.0
18530,1127,2021,80249,Denver,CO,zip,ZIP:80249,21824.0
18531,1127,2022,80249,Denver,CO,zip,ZIP:80249,21561.0
18558,1274,2016,80238,Denver,CO,zip,ZIP:80238,22360.0
18559,1274,2017,80238,Denver,CO,zip,ZIP:80238,22358.0
18560,1274,2018,80238,Denver,CO,zip,ZIP:80238,22273.0
18561,1274,2019,80238,Denver,CO,zip,ZIP:80238,22136.0
18562,1274,2020,80238,Denver,CO,zip,ZIP:80238,22016.0
18563,1274,2021,80238,Denver,CO,zip,ZIP:80238,21824.0
18564,1274,2022,80238,Denver,CO,zip,ZIP:80238,21561.0
18565,1388,2017,80216,Denver,CO,city,CITY:US080004,22358.0
18566,1388,2018,80216,Denver,CO,city,CITY:US080004,22273.0
18567,1388,2019,80216,Denver,CO,city,CITY:US080004,22136.0
18568,1388,2020,80216,Denver,CO,city,CITY:US080004,22016.0
18569,1388,2021,80216,Denver,CO,city,CITY:US080004,21824.0
18570,1388,2022,80216,Denver,CO,city,CITY:US080004,21561.0
18588,1477,2016,80207,Denver,CO,city,CITY:US080004,22360.0
18632,1783,2016,80205,Denver,CO,zip,ZIP:80205,22360.0
18633,1783,2017,80205,Denver,CO,zip,ZIP:80205,22358.0
18634,1783,2018,80205,Denver,CO,zip,ZIP:80205,22273.0
18635,1783,2019,80205,Denver,CO,zip,ZIP:80205,22136.0
18636,1783,2020,80205,Denver,CO,zip,ZIP:80205,22016.0
18637,1783,2021,80205,Denver,CO,zip,ZIP:80205,21824.0
18638,1783,2022,80205,Denver,CO,zip,ZIP:80205,21561.0
18668,1821,2017,80220,Denver,CO,zip,ZIP:80220,22358.0
18669,1821,2018,80220,Denver,CO,zip,ZIP:80220,22273.0
18670,1821,2019,80220,Denver,CO,zip,ZIP:80220,22136.0
18673,1830,2020,80220,Denver,CO,zip,ZIP:80220,22016.0
18674,1830,2021,80220,Denver,CO,zip,ZIP:80220,21824.0
18675,1830,2022,80220,Denver,CO,zip,ZIP:80220,21561.0
18676,1839,2016,80220,Denver,CO,zip,ZIP:80220,22360.0
18687,1941,2018,80211,Denver,CO,zip,ZIP:80211,22273.0
18688,1941,2019,80211,Denver,CO,zip,ZIP:80211,22136.0
18689,1941,2020,80211,Denver,CO,zip,ZIP:80211,22016.0
18690,1941,2021,80211,Denver,CO,zip,ZIP:80211,21824.0
18691,1941,2022,80211,Denver,CO,zip,ZIP:80211,21561.0
18705,1978,2017,80211,Denver,CO,zip,ZIP:80211,22358.0
18710,1983,2016,80211,Denver,CO,zip,ZIP:80211,22360.0
18717,1991,2016,80120,Littleton,CO,zip,ZIP:80120,22360.0
18718,1991,2017,80120,Littleton,CO,zip,ZIP:80120,22358.0
18719,1991,2018,80120,Littleton,CO,zip,ZIP:80120,22273.0
18720,1991,2019,80120,Littleton,CO,zip,ZIP:80120,22136.0
18721,1991,2020,80120,Littleton,CO,zip,ZIP:80120,22016.0
18722,1991,2021,80120,Littleton,CO,zip,ZIP:80120,21824.0
18723,1991,2022,80120,Littleton,CO,zip,ZIP:80120,21561.0
19893,2858,2016,80236,Denver,CO,zip,ZIP:80236,22360.0
19894,2858,2017,80236,Denver,CO,zip,ZIP:80236,22358.0
19895,2858,2018,80236,Denver,CO,zip,ZIP:80236,22273.0
19896,2858,2019,80236,Denver,CO,zip,ZIP:80236,22136.0
19897,2858,2020,80236,Denver,CO,zip,ZIP:80236,22016.0
19898,2858,2021,80236,Denver,CO,zip,ZIP:80236,21824.0
19899,2858,2022,80236,Denver,CO,zip,ZIP:80236,21561.0
20115,2917,2016,80128,Littleton,CO,zip,ZIP:80128,22360.0
20116,2917,2017,80128,Littleton,CO,zip,ZIP:80128,22358.0
20117,2917,2018,80128,Littleton,CO,zip,ZIP:80128,22273.0
20118,2917,2019,80128,Littleton,CO,zip,ZIP:80128,22136.0
20119,2917,2020,80128,Littleton,CO,zip,ZIP:80128,22016.0
20120,2917,2021,80128,Littleton,CO,zip,ZIP:80128,21824.0
20121,2917,2022,80128,Littleton,CO,zip,ZIP:80128,21561.0
20881,3238,2016,80219,Denver,CO,zip,ZIP:80219,22360.0
20882,3238,2017,80219,Denver,CO,zip,ZIP:80219,22358.0
20883,3238,2018,80219,Denver,CO,zip,ZIP:80219,22273.0
20884,3238,2019,80219,Denver,CO,zip,ZIP:80219,22136.0
20885,3238,2020,80219,Denver,CO,zip,ZIP:80219,22016.0
21311,3592,2021,80219,Denver,CO,zip,ZIP:80219,21824.0
21312,3592,2022,80219,Denver,CO,zip,ZIP:80219,21561.0
21393,3645,2017,80210,Denver,CO,zip,ZIP:80210,22358.0
21394,3645,2018,80210,Denver,CO,zip,ZIP:80210,22273.0
21395,3645,2019,80210,Denver,CO,zip,ZIP:80210,22136.0
21396,3645,2020,80210,Denver,CO,zip,ZIP:80210,22016.0
21397,3645,2021,80210,Denver,CO,zip,ZIP:80210,21824.0
21398,3645,2022,80210,Denver,CO,zip,ZIP:80210,21561.0
21404,3648,2016,80210,Denver,CO,zip,ZIP:80210,22360.0
21931,4252,2016,80012,Aurora,CO,zip,ZIP:80012,22360.0
21932,4252,2017,80012,Aurora,CO,zip,ZIP:80012,22358.0
21933,4252,2018,80012,Aurora,CO,zip,ZIP:80012,22273.0
21934,4252,2019,80012,Aurora,CO,zip,ZIP:80012,22136.0
21935,4252,2020,80012,Aurora,CO,zip,ZIP:80012,22016.0
21936,4252,2022,80012,Aurora,CO,zip,ZIP:80012,21561.0
22098,4477,2016,80231,Denver,CO,zip,ZIP:80231,22360.0
22099,4477,2017,80231,Denver,CO,zip,ZIP:80231,22358.0
22100,4477,2018,80231,Denver,CO,zip,ZIP:80231,22273.0
22101,4477,2019,80231,Denver,CO,zip,ZIP:80231,22136.0
22102,4477,2020,80231,Denver,CO,zip,ZIP:80231,22016.0
22103,4477,2021,80231,Denver,CO,zip,ZIP:80231,21824.0
22104,4477,2022,80231,Denver,CO,zip,ZIP:80231,21561.0
22213,4617,2016,80124,Littleton,CO,state,FIPS:08,22360.0
22214,4617,2017,80124,Littleton,CO,state,FIPS:08,22358.0
22215,4617,2018,80124,Littleton,CO,state,FIPS:08,22273.0
22216,4617,2019,80124,Littleton,CO,state,FIPS:08,22136.0
22217,4617,2020,80124,Littleton,CO,state,FIPS:08,22016.0
22218,4617,2021,80124,Littleton,CO,state,FIPS:08,21824.0
22219,4617,2022,80124,Littleton,CO,state,FIPS:08,21561.0
22308,4791,2016,80237,Denver,CO,zip,ZIP:80237,22360.0
22309,4791,2017,80237,Denver,CO,zip,ZIP:80237,22358.0
22310,4791,2018,80237,Denver,CO,zip,ZIP:80237,22273.0
22311,4791,2019,80237,Denver,CO,zip,ZIP:80237,22136.0
22312,4791,2020,80237,Denver,CO,zip,ZIP:80237,22016.0
22313,4791,2021,80237,Denver,CO,zip,ZIP:80237,21824.0
22314,4791,2022,80237,Denver,CO,zip,ZIP:80237,21561.0
22407,5009,2017,80123,Littleton,CO,zip,ZIP:80123,22358.0
22408,5009,2018,80123,Littleton,CO,zip,ZIP:80123,22273.0
22409,5009,2019,80123,Littleton,CO,zip,ZIP:80123,22136.0
22410,5009,2020,80123,Littleton,CO,zip,ZIP:80123,22016.0
22411,5009,2021,80123,Littleton,CO,zip,ZIP:80123,21824.0
22412,5009,2022,80123,Littleton,CO,zip,ZIP:80123,21561.0
22507,5101,2019,80249,Denver,CO,zip,ZIP:80249,22136.0
22815,5337,2016,80221,Denver,CO,zip,ZIP:80221,22360.0
22816,5337,2020,80221,Denver,CO,zip,ZIP:80221,22016.0
22817,5337,2021,80221,Denver,CO,zip,ZIP:80221,21824.0
22942,5446,2016,80123,Littleton,CO,zip,ZIP:80123,22360.0
23054,5551,2016,80903,Colorado Springs,CO,zip,ZIP:80903,22360.0
23055,5551,2017,80903,Colorado Springs,CO,zip,ZIP:80903,22358.0
23056,5551,2018,80903,Colorado Springs,CO,zip,ZIP:80903,22273.0
23057,5551,2019,80903,Colorado Springs,CO,zip,ZIP:80903,22136.0
23058,5551,2020,80903,Colorado Springs,CO,zip,ZIP:80903,22016.0
23059,5551,2021,80903,Colorado Springs,CO,zip,ZIP:80903,21824.0
23060,5551,2022,80903,Colorado Springs,CO,zip,ZIP:80903,21561.0
23167,5631,2017,80214,Denver,CO,zip,ZIP:80214,22358.0
23168,5631,2018,80214,Denver,CO,zip,ZIP:80214,22273.0
23169,5631,2019,80214,Denver,CO,zip,ZIP:80214,22136.0
23170,5631,2020,80214,Denver,CO,zip,ZIP:80214,22016.0
23171,5631,2021,80214,Denver,CO,zip,ZIP:80214,21824.0
23172,5631,2022,80214,Denver,CO,zip,ZIP:80214,21561.0
23187,5637,2016,80111,Englewood,CO,zip,ZIP:80111,22360.0
23188,5637,2017,80111,Englewood,CO,zip,ZIP:80111,22358.0
23189,5637,2018,80111,Englewood,CO,zip,ZIP:80111,22273.0
23190,5637,2019,80111,Englewood,CO,zip,ZIP:80111,22136.0
23191,5637,2020,80111,Englewood,CO,zip,ZIP:80111,
23192,5637,2021,80111,Englewood,CO,zip,ZIP:80111,21824.0
23193,5637,2022,80111,Englewood,CO,zip,ZIP:80111,21561.0
24099,6025,2018,80221,Denver,CO,zip,ZIP:80221,22273.0
24100,6025,2019,80221,Denver,CO,zip,ZIP:80221,22136.0
24103,6025,2022,80221,Denver,CO,zip,ZIP:80221,21561.0
24183,CB146,2016,Unknown,Boulder,CO,city,CITY:US080001,22360.0
24184,CB146,2017,Unknown,Boulder,CO,city,CITY:US080001,22358.0
24185,CB146,2018,Unknown,Boulder,CO,city,CITY:US080001,22273.0
24192,B1001,2015,Unknown,Cambridge,MA,state,FIPS:25,22391.0
24193,B1001,2016,Unknown,Cambridge,MA,state,FIPS:25,22360.0
24194,B1001,2017,Unknown,Cambridge,MA,state,FIPS:25,22358.0
24195,B1001,2018,Unknown,Cambridge,MA,state,FIPS:25,22273.0
24196,B1001,2019,Unknown,Cambridge,MA,state,FIPS:25,22136.0
24197,B1001,2020,Unknown,Cambridge,MA,state,FIPS:25,22016.0
24198,B1001,2021,Unknown,Cambridge,MA,state,FIPS:25,21824.0
24199,B1001,2022,Unknown,Cambridge,MA,state,FIPS:25,21561.0
25529,00116776+5897884,2020,20852,Rockville,MD,zip,ZIP:20852,22016.0
25530,00116776+5897884,2021,20852,Rockville,MD,zip,ZIP:20852,21824.0
25531,00154625+4973425,2023,20850,Rockville,MD,state,FIPS:24,21317.0
25533,00155367C+5722128,2017,20852,Rockville,MD,zip,ZIP:20852,22358.0
25534,00155367C+5722128,2019,20852,Rockville,MD,zip,ZIP:20852,22136.0
25535,00335183+5722108,2020,20904,Silver Spring,MD,zip,ZIP:20904,22016.0
25536,00335183+5722108,2021,20904,Silver Spring,MD,zip,ZIP:20904,21824.0
25537,00335183+5722108,2022,20904,Silver Spring,MD,zip,ZIP:20904,21561.0
25538,00335183+5722108,2023,20904,Silver Spring,MD,zip,ZIP:20904,21317.0
25540,00570056+5865624,2019,20874,Germantown,MD,state,FIPS:24,22136.0
25541,00570056+5865624,2020,20874,Germantown,MD,state,FIPS:24,22016.0
25542,00570056+5865624,2021,20874,Germantown,MD,state,FIPS:24,21824.0
25543,00570056+5865624,2022,20874,Germantown,MD,state,FIPS:24,21561.0
25545,00794560+5879015,2023,20877,Gaithersburg,MD,zip,ZIP:20877,21317.0
25546,00795757+5904552,2017,20878,Gaithersburg,MD,zip,ZIP:20878,22358.0
25547,00795757+6877404,2020,20878,Gaithersburg,MD,zip,ZIP:20878,22016.0
25548,00979263+10434835,2023,20910,Silver Spring,MD,zip,ZIP:20910,21317.0
25549,00985207+5911861,2022,20906,Silver Spring,MD,zip,ZIP:20906,21561.0
25550,00985207+5911861,2023,20906,Silver Spring,MD,zip,ZIP:20906,21317.0
25551,00985207; 02774084+5911861,2020,20906,Silver Spring,MD,zip,ZIP:20906,22016.0
25555,01407053+5722083,2017,20902,Silver Spring,MD,state,FIPS:24,22358.0
25563,01621210+6334342,2021,20878,Gaithersburg,MD,zip,ZIP:20878,21824.0
25564,01621210_A+6334342,2023,20878,Gaithersburg,MD,zip,ZIP:20878,21317.0
25566,01657270+3353548,2022,20852,Rockville,MD,zip,ZIP:20852,21561.0
25567,01657270+3353548,2023,20852,Rockville,MD,zip,ZIP:20852,21317.0
25574,01822276+5849415,2022,20878,Gaithersburg,MD,zip,ZIP:20878,21561.0
25577,01954224n+5891369,2016,20850,Rockville,MD,state,FIPS:24,22360.0
25579,01954224n+5891369,2018,20850,Rockville,MD,state,FIPS:24,22273.0
25582,01971981+1527751,2020,20817,Bethesda,MD,zip,ZIP:20817,22016.0
25586,02628967+5893422,2021,20906,Silver Spring,MD,zip,ZIP:20906,21824.0
25587,02767580+5825227,2017,20906,Silver Spring,MD,zip,ZIP:20906,22358.0
25592,03243991+30734135,2023,20871,Clarksburg,MD,zip,ZIP:20871,21317.0
25593,03256207+4973216,2017,20910,Silver Spring,MD,zip,ZIP:20910,22358.0
25594,03256207+4973216,2020,20910,Silver Spring,MD,zip,ZIP:20910,22016.0
25595,03256207+4973216,2021,20910,Silver Spring,MD,zip,ZIP:20910,21824.0
25596,03256207+4973216,2022,20910,Silver Spring,MD,zip,ZIP:20910,21561.0
25606,03312532_d+5898992,2018,20878,Gaithersburg,MD,zip,ZIP:20878,22273.0
25607,03312532_d+5898992,2019,20878,Gaithersburg,MD,zip,ZIP:20878,22136.0
25631,03689527+31100549,2023,20886,Montgomery Village,MD,zip,ZIP:20886,21317.0
25648,055165+4734373,2016,20852,Rockville,MD,zip,ZIP:20852,22360.0
25653,116776+5897884,2018,20852,Rockville,MD,zip,ZIP:20852,22273.0
25664,1971981_b+1527751,2016,20817,Bethesda,MD,zip,ZIP:20817,22360.0
25665,1971981_b+1527751,2017,20817,Bethesda,MD,zip,ZIP:20817,22358.0
25666,1971981_b+1527751,2018,20817,Bethesda,MD,zip,ZIP:20817,22273.0
25667,1971981_b+1527751,2019,20817,Bethesda,MD,zip,ZIP:20817,22136.0
25668,2628967+5893422,2018,20906,Silver Spring,MD,zip,ZIP:20906,22273.0
25670,2767580+5825227,2019,20906,Silver Spring,MD,zip,ZIP:20906,22136.0
25675,3256207+4973216,2018,20910,Silver Spring,MD,zip,ZIP:20910,22273.0
25676,3256207+4973216,2019,20910,Silver Spring,MD,zip,ZIP:20910,22136.0
25683,335183+5722108,2018,20904,Silver Spring,MD,zip,ZIP:20904,22273.0
25684,335183+5722108,2019,20904,Silver Spring,MD,zip,ZIP:20904,22136.0
25708,1N1E03DB-1200-B2,2017,97217,Portland,OR,city,CITY:US410014,22358.0
25709,1N1E03DB-1200-B2,2018,97217,Portland,OR,city,CITY:US410014,22273.0
25710,1N1E03DB-1200-B2,2019,97217,Portland,OR,city,CITY:US410014,22136.0
25711,1N1E33AA-2500-B1,2016,97209,Portland,OR,city,CITY:US410014,22360.0
25764,1S1E21CB-4201-B1,2016,97219,Portland,OR,zip,ZIP:97219,22360.0
25765,1S1E21CB-4201-B1,2017,97219,Portland,OR,zip,ZIP:97219,22358.0
25766,1S1E21CB-4201-B1,2018,97219,Portland,OR,zip,ZIP:97219,22273.0
25767,1S1E21CB-4201-B1,2019,97219,Portland,OR,zip,ZIP:97219,22136.0
25776,19-3634,2019,Unknown,Unknown,WA,state,FIPS:53,22136.0
25779,19-4266,2019,Unknown,Unknown,OR,state,FIPS:41,22136.0
25787,19-6747,2019,Unknown,Unknown,ID,state,FIPS:16,22136.0
25828,19-8212,2019,Unknown,Unknown,MT,state,FIPS:30,22136.0
25849,01-IS-09000,2015,64101,Kansas City,MO,city,CITY:US290008,22391.0
25850,01-IS-09000,2016,64101,Kansas City,MO,city,CITY:US290008,22360.0
25851,01-IS-09000,2017,64101,Kansas City,MO,city,CITY:US290008,22358.0
25852,01-IS-09000,2018,64101,Kansas City,MO,city,CITY:US290008,22273.0
25853,01-IS-09000,2019,64101,Kansas City,MO,city,CITY:US290008,22136.0
25854,01-IS-09000,2020,64101,Kansas City,MO,city,CITY:US290008,22016.0
25855,01-IS-09000,2021,64101,Kansas City,MO,city,CITY:US290008,21824.0
25873,53-IS-11750,2015,64153,Kansas City,MO,zip,ZIP:64153,22391.0
25874,53-IS-11750,2016,64153,Kansas City,MO,zip,ZIP:64153,22360.0
25875,53-IS-11750,2017,64153,Kansas City,MO,zip,ZIP:64153,22358.0
25876,53-IS-11750,2018,64153,Kansas City,MO,zip,ZIP:64153,22273.0
25877,53-IS-11750,2019,64153,Kansas City,MO,zip,ZIP:64153,22136.0
25878,53-IS-11750,2020,64153,Kansas City,MO,zip,ZIP:64153,22016.0
25879,53-IS-11750,2021,64153,Kansas City,MO,zip,ZIP:64153,21824.0
25880,1000160200,2015,10282,New York,NY,city,CITY:US360019,22391.0
25884,1001170001,2016,10038,New York,NY,city,CITY:US360019,22360.0
25885,1002530001,2014,10002,New York,NY,city,CITY:US360019,22411.0
25886,1003330001,2012,10002,New York,NY,city,CITY:US360019,22437.0
25893,1006087501,2018,10011,New York,NY,city,CITY:US360019,22273.0
25894,1006187501,2017,10011,New York,NY,city,CITY:US360019,22358.0
25903,1011157501,2015,10023,New York,NY,zip,ZIP:10023,22391.0
25904,1011167501,2014,10023,New York,NY,zip,ZIP:10023,22411.0
25906,1011270029,2017,10023,New York,NY,zip,ZIP:10023,22358.0
25908,1011587503,2016,10023,New York,NY,zip,ZIP:10023,22360.0
25912,1011840031,2012,10023,New York,NY,zip,ZIP:10023,22437.0
25944,2023780034,2017,10455,Bronx,NY,state,FIPS:36,22358.0
25945,2024430170,2015,10451,Bronx,NY,state,FIPS:36,22391.0
25951,2032260053,2016,10468,Bronx,NY,state,FIPS:36,22360.0
25954,2033280039,2018,10467,Bronx,NY,state,FIPS:36,22273.0
25957,2036230001,2012,10473,Bronx,NY,state,FIPS:36,22437.0
25961,3002170001,2016,11201,Brooklyn,NY,city,CITY:US360005,22360.0
25963,3007060001,2015,11232,Brooklyn,NY,city,CITY:US360005,22391.0
25965,3010987510,2017,11215,Brooklyn,NY,city,CITY:US360005,22358.0
25966,3011880044,2018,11225,Brooklyn,NY,city,CITY:US360005,22273.0
25971,3036330001,2013,11212,Brooklyn,NY,city,CITY:US360005,22463.0
25977,3065530012,2012,11204,Brooklyn,NY,city,CITY:US360005,22437.0
25984,3072750025,2010,11224,Brooklyn,NY,city,CITY:US360005,22192.0
25988,4004157502,2014,11101,Long Island City,NY,state,FIPS:36,22411.0
26005,117002,2023,Unknown,Orlando,FL,city,CITY:US120028,21317.0
26009,10002959,2020,94306,Palo Alto,CA,state,FIPS:06,22016.0
26010,10002959,2021,94306,Palo Alto,CA,state,FIPS:06,21824.0
26011,10002959,2022,94306,Palo Alto,CA,state,FIPS:06,21561.0
26012,10008841,2020,90802,Long Beach,CA,city,CITY:US060012,22016.0
26013,10008841,2022,90802,Long Beach,CA,city,CITY:US060012,21561.0
26014,10008842,2019,92557,Moreno Valley,CA,state,FIPS:06,22136.0
26024,10016769,2019,94110,San Francisco,CA,city,CITY:US060031,22136.0
26025,10016769,2020,94110,San Francisco,CA,city,CITY:US060031,22016.0
26026,10016769,2021,94110,San Francisco,CA,city,CITY:US060031,21824.0
26027,10016769,2022,94110,San Francisco,CA,city,CITY:US060031,21561.0
26031,10018486,2019,95833,Sacramento,CA,city,CITY:US060027,22136.0
26032,10018486,2020,95833,Sacramento,CA,city,CITY:US060027,22016.0
26033,10018486,2021,95833,Sacramento,CA,city,CITY:US060027,21824.0
26044,10020654,2022,95834,Sacramento,CA,city,CITY:US060027,21561.0
26051,10063361,2019,90027,Los Angeles,CA,city,CITY:US060013,22136.0
26059,10087503,2019,92128,San Diego,CA,zip,ZIP:92128,22136.0
26060,10087503,2020,92128,San Diego,CA,zip,ZIP:92128,22016.0
26061,10087503,2021,92128,San Diego,CA,zip,ZIP:92128,21824.0
26062,10087503,2022,92128,San Diego,CA,zip,ZIP:92128,21561.0
26063,10088556,2019,95219,Stockton,CA,city,CITY:US060042,22136.0
26064,10088556,2020,95219,Stockton,CA,city,CITY:US060042,22016.0
26065,10088556,2021,95219,Stockton,CA,city,CITY:US060042,21824.0
26066,10088556,2022,95219,Stockton,CA,city,CITY:US060042,21561.0
26070,10147821,2019,95110,San Jose,CA,city,CITY:US060032,22136.0
26071,10147821,2020,95110,San Jose,CA,city,CITY:US060032,22016.0
26072,10147821,2021,95110,San Jose,CA,city,CITY:US060032,21824.0
26073,10147821,2022,95110,San Jose,CA,city,CITY:US060032,21561.0
26089,10149776,2020,90004,Los Angeles,CA,city,CITY:US060013,22016.0
26090,10149776,2021,90004,Los Angeles,CA,city,CITY:US060013,21824.0
26095,10150646,2019,93901,Salinas,CA,city,CITY:US060028,22136.0
26096,10150646,2020,93901,Salinas,CA,city,CITY:US060028,22016.0
26097,10150646,2021,93901,Salinas,CA,city,CITY:US060028,21824.0
26098,10150646,2022,93901,Salinas,CA,city,CITY:US060028,21561.0
26110,10155982,2019,95926,Chico,CA,zip,ZIP:95926,22136.0
26111,10155982,2020,95926,Chico,CA,zip,ZIP:95926,22016.0
26112,10155982,2021,95926,Chico,CA,zip,ZIP:95926,21824.0
26113,10155982,2022,95926,Chico,CA,zip,ZIP:95926,21561.0
26121,10171911,2022,90015,Los Angeles,CA,city,CITY:US060013,21561.0
26122,10171921,2019,92108,San Diego,CA,city,CITY:US060030,22136.0
26123,10171921,2020,92108,San Diego,CA,city,CITY:US060030,22016.0
26124,10171921,2022,92108,San Diego,CA,city,CITY:US060030,21561.0
26129,10172290,2019,93030,Oxnard,CA,city,CITY:US060020,22136.0
26130,10172290,2020,93030,Oxnard,CA,city,CITY:US060020,22016.0
26131,10172290,2021,93030,Oxnard,CA,city,CITY:US060020,21824.0
26132,10172290,2022,93030,Oxnard,CA,city,CITY:US060020,21561.0
26144,10173474,2019,91761,Ontario,CA,zip,ZIP:91761,22136.0
26145,10173474,2020,91761,Ontario,CA,zip,ZIP:91761,22016.0
26146,10173474,2021,91761,Ontario,CA,zip,ZIP:91761,21824.0
26147,10173474,2022,91761,Ontario,CA,zip,ZIP:91761,21561.0
26167,10174571,2020,95608,Carmichael,CA,zip,ZIP:95608,22016.0
26168,10174571,2021,95608,Carmichael,CA,zip,ZIP:95608,21824.0
26169,10174571,2022,95608,Carmichael,CA,zip,ZIP:95608,21561.0
26170,10174573,2020,95602,Auburn,CA,zip,ZIP:95602,22016.0
26171,10174573,2021,95602,Auburn,CA,zip,ZIP:95602,21824.0
26172,10174573,2022,95602,Auburn,CA,zip,ZIP:95602,21561.0
26173,10174574,2019,94589,Vallejo,CA,city,CITY:US060045,22136.0
26174,10174574,2020,94589,Vallejo,CA,city,CITY:US060045,22016.0
26175,10174574,2021,94589,Vallejo,CA,city,CITY:US060045,21824.0
26176,10174574,2022,94589,Vallejo,CA,city,CITY:US060045,21561.0
26211,10174633,2019,95608,Carmichael,CA,zip,ZIP:95608,22136.0
26233,10174640,2019,92804,Anaheim,CA,city,CITY:US060001,22136.0
26234,10174640,2020,92804,Anaheim,CA,city,CITY:US060001,22016.0
26235,10174640,2021,92804,Anaheim,CA,city,CITY:US060001,21824.0
26236,10174640,2022,92804,Anaheim,CA,city,CITY:US060001,21561.0
26254,10196341,2019,92410,San Bernardino,CA,city,CITY:US060029,22136.0
26259,1035931,2018,94401,San Mateo,CA,state,FIPS:06,22273.0
26312,10405099,2019,95123,San Jose,CA,zip,ZIP:95123,22136.0
26313,10405099,2020,95123,San Jose,CA,zip,ZIP:95123,22016.0
26314,10405099,2021,95123,San Jose,CA,zip,ZIP:95123,21824.0
26315,10405099,2022,95123,San Jose,CA,zip,ZIP:95123,21561.0
26325,10406447,2021,92114,San Diego,CA,city,CITY:US060030,21824.0
26347,10417862,2019,94102,San Francisco,CA,zip,ZIP:94102,22136.0
26348,10417862,2020,94102,San Francisco,CA,zip,ZIP:94102,22016.0
26349,10417862,2021,94102,San Francisco,CA,zip,ZIP:94102,21824.0
26353,10417867,2022,94102,San Francisco,CA,zip,ZIP:94102,21561.0
26375,10423765,2020,90045,Los Angeles,CA,zip,ZIP:90045,22016.0
26388,10441857,2019,92154,San Diego,CA,zip,ZIP:92154,22136.0
26423,10493351,2019,92501,Riverside,CA,city,CITY:US060025,22136.0
26427,10495007,2020,94612,Oakland,CA,city,CITY:US060018,22016.0
26428,10495007,2021,94612,Oakland,CA,city,CITY:US060018,21824.0
26429,10495007,2022,94612,Oakland,CA,city,CITY:US060018,21561.0
26482,10550509,2020,92084,Vista,CA,zip,ZIP:92084,22016.0
26483,10560346,2019,92117,San Diego,CA,zip,ZIP:92117,22136.0
26484,10560346,2020,92117,San Diego,CA,zip,ZIP:92117,22016.0
26485,10560346,2021,92117,San Diego,CA,zip,ZIP:92117,21824.0
26486,10560346,2022,92117,San Diego,CA,zip,ZIP:92117,21561.0
26511,1065472,2018,91505,Burbank,CA,zip,ZIP:91505,22273.0
26512,1070000,2018,90802,Long Beach,CA,city,CITY:US060012,22273.0
26513,1070000,2019,90802,Long Beach,CA,city,CITY:US060012,22136.0
26515,1070000,2021,90802,Long Beach,CA,city,CITY:US060012,21824.0
26554,10782572,2019,94612,Oakland,CA,city,CITY:US060018,22136.0
26573,10825614,2019,92284,Yucca Valley,CA,zip,ZIP:92284,22136.0
26574,10825772,2020,92677,Laguna Niguel,CA,zip,ZIP:92677,22016.0
26575,10825772,2021,92677,Laguna Niguel,CA,zip,ZIP:92677,21824.0
26576,10825772,2022,92677,Laguna Niguel,CA,zip,ZIP:92677,21561.0
26577,10825903,2020,95630,Folsom,CA,zip,ZIP:95630,22016.0
26578,10825903,2021,95630,Folsom,CA,zip,ZIP:95630,21824.0
26579,10825903,2022,95630,Folsom,CA,zip,ZIP:95630,21561.0
26583,10827949,2019,92054,Oceanside,CA,city,CITY:US060019,22136.0
26584,10836585,2019,94591,Vallejo,CA,zip,ZIP:94591,22136.0
26585,10836585,2020,94591,Vallejo,CA,zip,ZIP:94591,22016.0
26586,10836585,2021,94591,Vallejo,CA,zip,ZIP:94591,21824.0
26587,10836585,2022,94591,Vallejo,CA,zip,ZIP:94591,21561.0
26588,10842415,2019,94520,Concord,CA,zip,ZIP:94520,22136.0
26589,10842415,2020,94520,Concord,CA,zip,ZIP:94520,22016.0
26590,10842415,2021,94520,Concord,CA,zip,ZIP:94520,21824.0
26591,10842415,2022,94520,Concord,CA,zip,ZIP:94520,21561.0
26592,10844368,2019,94002,Belmont,CA,zip,ZIP:94002,22136.0
26593,10844368,2020,94002,Belmont,CA,zip,ZIP:94002,22016.0
26594,10844368,2021,94002,Belmont,CA,zip,ZIP:94002,21824.0
26595,10844368,2022,94002,Belmont,CA,zip,ZIP:94002,21561.0
26607,10853470,2019,92707,Santa Ana,CA,city,CITY:US060034,22136.0
26608,10853470,2020,92707,Santa Ana,CA,city,CITY:US060034,22016.0
26609,10853470,2021,92707,Santa Ana,CA,city,CITY:US060034,21824.0
26610,10853470,2022,92707,Santa Ana,CA,city,CITY:US060034,21561.0
26612,10856456,2020,91042,Tujunga,CA,zip,ZIP:91042,22016.0
26629,10864681,2019,93065,Simi Valley,CA,city,CITY:US060040,22136.0
26630,10864681,2020,93065,Simi Valley,CA,city,CITY:US060040,22016.0
26631,10864681,2021,93065,Simi Valley,CA,city,CITY:US060040,21824.0
26632,10864681,2022,93065,Simi Valley,CA,city,CITY:US060040,21561.0
26649,10877967,2019,94404,San Mateo,CA,zip,ZIP:94404,22136.0
26650,10877967,2020,94404,San Mateo,CA,zip,ZIP:94404,22016.0
26651,10877967,2021,94404,San Mateo,CA,zip,ZIP:94404,21824.0
26652,10877967,2022,94404,San Mateo,CA,zip,ZIP:94404,21561.0
26653,10881611,2019,93960,Soledad,CA,city,CITY:US060041,22136.0
26670,10890609,2019,92057,Oceanside,CA,zip,ZIP:92057,22136.0
26671,10890609,2020,92057,Oceanside,CA,zip,ZIP:92057,22016.0
26672,10890609,2021,92057,Oceanside,CA,zip,ZIP:92057,21824.0
26673,10890609,2022,92057,Oceanside,CA,zip,ZIP:92057,21561.0
26675,10890613,2020,92056,Oceanside,CA,city,CITY:US060019,22016.0
26676,10890613,2021,92056,Oceanside,CA,city,CITY:US060019,21824.0
26677,10890613,2022,92056,Oceanside,CA,city,CITY:US060019,21561.0
26710,10906255,2019,92040,Lakeside,CA,zip,ZIP:92040,22136.0
26711,10906255,2020,92040,Lakeside,CA,zip,ZIP:92040,22016.0
26712,10906255,2021,92040,Lakeside,CA,zip,ZIP:92040,21824.0
26716,10906776,2020,94536,Fremont,CA,zip,ZIP:94536,22016.0
26752,10926370,2020,95826,Sacramento,CA,zip,ZIP:95826,22016.0
26753,10926370,2021,95826,Sacramento,CA,zip,ZIP:95826,21824.0
26754,10926370,2022,95826,Sacramento,CA,zip,ZIP:95826,21561.0
26852,11234932,2019,94086,Sunnyvale,CA,zip,ZIP:94086,22136.0
26853,11234932,2020,94086,Sunnyvale,CA,zip,ZIP:94086,22016.0
26854,11234932,2021,94086,Sunnyvale,CA,zip,ZIP:94086,21824.0
26855,11234932,2022,94086,Sunnyvale,CA,zip,ZIP:94086,21561.0
26880,11282753,2020,95355,Modesto,CA,city,CITY:US060015,22016.0
26881,11282753,2021,95355,Modesto,CA,city,CITY:US060015,21824.0
26894,11285156,2019,92101,San Diego,CA,zip,ZIP:92101,22136.0
26895,11285156,2020,92101,San Diego,CA,zip,ZIP:92101,22016.0
26896,11285156,2021,92101,San Diego,CA,zip,ZIP:92101,21824.0
26897,11285156,2022,92101,San Diego,CA,zip,ZIP:92101,21561.0
26940,11445125,2020,92507,Riverside,CA,city,CITY:US060025,22016.0
26941,11445125,2021,92507,Riverside,CA,city,CITY:US060025,21824.0
26942,11445125,2022,92507,Riverside,CA,city,CITY:US060025,21561.0
26961,11465768,2020,92065,Ramona,CA,zip,ZIP:92065,22016.0
26962,11465768,2021,92065,Ramona,CA,zip,ZIP:92065,21824.0
26972,11465807,2020,91911,Chula Vista,CA,zip,ZIP:91911,22016.0
26973,11465807,2021,91911,Chula Vista,CA,zip,ZIP:91911,21824.0
26974,11465808,2020,92027,Escondido,CA,zip,ZIP:92027,22016.0
26975,11465808,2021,92027,Escondido,CA,zip,ZIP:92027,21824.0
26976,11465809,2020,92111,San Diego,CA,zip,ZIP:92111,22016.0
26977,11465809,2022,92111,San Diego,CA,zip,ZIP:92111,21561.0
26999,11532103,2019,94536,Fremont,CA,zip,ZIP:94536,22136.0
27000,11532103,2021,94536,Fremont,CA,zip,ZIP:94536,21824.0
27001,11532103,2022,94536,Fremont,CA,zip,ZIP:94536,21561.0
27076,11611310,2019,91342,Sylmar,CA,zip,ZIP:91342,22136.0
27077,11611310,2020,91342,Sylmar,CA,zip,ZIP:91342,22016.0
27078,11611310,2021,91342,Sylmar,CA,zip,ZIP:91342,21824.0
27081,11630581,2019,94553,Martinez,CA,zip,ZIP:94553,22136.0
27082,11630581,2020,94553,Martinez,CA,zip,ZIP:94553,22016.0
27083,11630581,2021,94553,Martinez,CA,zip,ZIP:94553,21824.0
27084,11630581,2022,94553,Martinez,CA,zip,ZIP:94553,21561.0
27116,11662756,2019,95901,Marysville,CA,zip,ZIP:95901,22136.0
27117,11662756,2020,95901,Marysville,CA,zip,ZIP:95901,22016.0
27118,11662756,2021,95901,Marysville,CA,zip,ZIP:95901,21824.0
27131,11665462,2019,95826,Sacramento,CA,zip,ZIP:95826,22136.0
27133,11665497,2019,95961,Olivehurst,CA,zip,ZIP:95961,22136.0
27134,11665497,2020,95961,Olivehurst,CA,zip,ZIP:95961,22016.0
27141,11668570,2019,95991,Yuba City,CA,city,CITY:US060047,22136.0
27142,11668570,2020,95991,Yuba City,CA,city,CITY:US060047,22016.0
27152,11672266,2019,91350,Santa Clarita,CA,city,CITY:US060036,22136.0
27153,11672266,2020,91350,Santa Clarita,CA,city,CITY:US060036,22016.0
27154,11672266,2022,91350,Santa Clarita,CA,city,CITY:US060036,21561.0
27172,11677416,2019,95864,Sacramento,CA,zip,ZIP:95864,22136.0
27173,11677416,2020,95864,Sacramento,CA,zip,ZIP:95864,22016.0
27182,11682343,2019,93705,Fresno,CA,city,CITY:US060010,22136.0
27183,11682343,2020,93705,Fresno,CA,city,CITY:US060010,22016.0
27184,11682343,2021,93705,Fresno,CA,city,CITY:US060010,21824.0
27185,11682343,2022,93705,Fresno,CA,city,CITY:US060010,21561.0
27186,11682344,2019,93301,Bakersfield,CA,city,CITY:US060002,22136.0
27187,11682344,2020,93301,Bakersfield,CA,city,CITY:US060002,22016.0
27188,11682344,2022,93301,Bakersfield,CA,city,CITY:US060002,21561.0
27213,11682420,2019,93727,Fresno,CA,zip,ZIP:93727,22136.0
27214,11682420,2020,93727,Fresno,CA,zip,ZIP:93727,22016.0
27215,11682420,2022,93727,Fresno,CA,zip,ZIP:93727,21561.0
27216,11682421,2019,93720,Fresno,CA,zip,ZIP:93720,22136.0
27217,11682421,2022,93720,Fresno,CA,zip,ZIP:93720,21561.0
27222,11682423,2019,95616,Davis,CA,zip,ZIP:95616,22136.0
27223,11682423,2020,95616,Davis,CA,zip,ZIP:95616,22016.0
27224,11682423,2022,95616,Davis,CA,zip,ZIP:95616,21561.0
27228,11690480,2020,90807,Long Beach,CA,zip,ZIP:90807,22016.0
27229,11690480,2022,90807,Long Beach,CA,zip,ZIP:90807,21561.0
27311,11857124,2019,91911,Chula Vista,CA,zip,ZIP:91911,22136.0
27362,11914506,2020,95060,Santa Cruz,CA,zip,ZIP:95060,22016.0
27363,11914506,2021,95060,Santa Cruz,CA,zip,ZIP:95060,21824.0
27364,11914506,2022,95060,Santa Cruz,CA,zip,ZIP:95060,21561.0
27365,11917446,2019,96161,Truckee,CA,zip,ZIP:96161,22136.0
27379,11945023,2019,93117,Goleta,CA,zip,ZIP:93117,22136.0
27380,11945023,2020,93117,Goleta,CA,zip,ZIP:93117,22016.0
27381,11945023,2021,93117,Goleta,CA,zip,ZIP:93117,21824.0
27392,11982367,2019,93561,Tehachapi,CA,zip,ZIP:93561,22136.0
27393,11982367,2020,93561,Tehachapi,CA,zip,ZIP:93561,22016.0
27394,11982367,2021,93561,Tehachapi,CA,zip,ZIP:93561,21824.0
27395,11982367,2022,93561,Tehachapi,CA,zip,ZIP:93561,21561.0
27406,11982535,2019,92201,Indio,CA,zip,ZIP:92201,22136.0
27407,11982535,2020,92201,Indio,CA,zip,ZIP:92201,22016.0
27408,11982535,2021,92201,Indio,CA,zip,ZIP:92201,21824.0
27409,11982535,2022,92201,Indio,CA,zip,ZIP:92201,21561.0
27429,12003073,2019,92027,Escondido,CA,zip,ZIP:92027,22136.0
27432,12003073,2022,92027,Escondido,CA,zip,ZIP:92027,21561.0
27445,12003131,2019,92127,San Diego,CA,zip,ZIP:92127,22136.0
27446,12003131,2022,92127,San Diego,CA,zip,ZIP:92127,21561.0
27473,12004546,2019,92009,Carlsbad,CA,zip,ZIP:92009,22136.0
27474,12062251,2020,92120,San Diego,CA,zip,ZIP:92120,22016.0
27484,12088850,2020,96007,Anderson,CA,zip,ZIP:96007,22016.0
27535,12341046,2020,94559,Napa,CA,city,CITY:US060017,22016.0
27536,12341046,2021,94559,Napa,CA,city,CITY:US060017,21824.0
27537,12341046,2022,94559,Napa,CA,city,CITY:US060017,21561.0
27613,12408223,2020,92154,San Diego,CA,zip,ZIP:92154,22016.0
27614,12408223,2021,92154,San Diego,CA,zip,ZIP:92154,21824.0
27615,12408223,2022,92154,San Diego,CA,zip,ZIP:92154,21561.0
27682,12419947,2019,95482,Ukiah,CA,city,CITY:US060044,22136.0
27683,12419947,2020,95482,Ukiah,CA,city,CITY:US060044,22016.0
27684,12419947,2021,95482,Ukiah,CA,city,CITY:US060044,21824.0
27685,12419947,2022,95482,Ukiah,CA,city,CITY:US060044,21561.0
27689,12420015,2020,95817,Sacramento,CA,zip,ZIP:95817,22016.0
27690,12420015,2021,95817,Sacramento,CA,zip,ZIP:95817,21824.0
27691,12420015,2022,95817,Sacramento,CA,zip,ZIP:95817,21561.0
27695,12420108,2019,96080,Red Bluff,CA,zip,ZIP:96080,22136.0
27696,12420108,2020,96080,Red Bluff,CA,zip,ZIP:96080,22016.0
27697,12420108,2021,96080,Red Bluff,CA,zip,ZIP:96080,21824.0
27698,12420108,2022,96080,Red Bluff,CA,zip,ZIP:96080,21561.0
27712,12420114,2021,95993,Yuba City,CA,city,CITY:US060047,21824.0
27713,12420114,2022,95993,Yuba City,CA,city,CITY:US060047,21561.0
27747,12421584,2019,92677,Laguna Niguel,CA,zip,ZIP:92677,22136.0
27753,12421816,2019,95667,Placerville,CA,zip,ZIP:95667,22136.0
27754,12421816,2020,95667,Placerville,CA,zip,ZIP:95667,22016.0
27755,12421816,2021,95667,Placerville,CA,zip,ZIP:95667,21824.0
27756,12421816,2022,95667,Placerville,CA,zip,ZIP:95667,21561.0
27761,12421956,2021,93309,Bakersfield,CA,city,CITY:US060002,21824.0
27794,12425125,2019,95965,Oroville,CA,zip,ZIP:95965,22136.0
27795,12425125,2020,95965,Oroville,CA,zip,ZIP:95965,22016.0
27796,12425125,2021,95965,Oroville,CA,zip,ZIP:95965,21824.0
27797,12425125,2022,95965,Oroville,CA,zip,ZIP:95965,21561.0
27810,12425460,2019,92506,Riverside,CA,zip,ZIP:92506,22136.0
27811,12425460,2021,92506,Riverside,CA,zip,ZIP:92506,21824.0
27812,12425460,2022,92506,Riverside,CA,zip,ZIP:92506,21561.0
27836,12425725,2019,95630,Folsom,CA,zip,ZIP:95630,22136.0
27857,12426043,2020,92407,San Bernardino,CA,city,CITY:US060029,22016.0
27858,12426043,2021,92407,San Bernardino,CA,city,CITY:US060029,21824.0
27859,12426043,2022,92407,San Bernardino,CA,city,CITY:US060029,21561.0
27870,12426169,2020,93720,Fresno,CA,zip,ZIP:93720,22016.0
27871,12426169,2021,93720,Fresno,CA,zip,ZIP:93720,21824.0
27904,12437174,2019,92706,Santa Ana,CA,zip,ZIP:92706,22136.0
27905,12437174,2020,92706,Santa Ana,CA,zip,ZIP:92706,22016.0
27906,12437174,2021,92706,Santa Ana,CA,zip,ZIP:92706,21824.0
27907,12437174,2022,92706,Santa Ana,CA,zip,ZIP:92706,21561.0
27912,12445035,2019,91360,Thousand Oaks,CA,zip,ZIP:91360,22136.0
27913,12445035,2020,91360,Thousand Oaks,CA,zip,ZIP:91360,22016.0
27914,12445035,2021,91360,Thousand Oaks,CA,zip,ZIP:91360,21824.0
27915,12445035,2022,91360,Thousand Oaks,CA,zip,ZIP:91360,21561.0
27940,12448821,2019,94132,San Francisco,CA,zip,ZIP:94132,22136.0
27941,12448821,2020,94132,San Francisco,CA,zip,ZIP:94132,22016.0
27942,12448821,2022,94132,San Francisco,CA,zip,ZIP:94132,21561.0
27975,12454837,2020,92504,Riverside,CA,zip,ZIP:92504,22016.0
27976,12454837,2021,92504,Riverside,CA,zip,ZIP:92504,21824.0
28007,12474906,2020,92069,San Marcos,CA,zip,ZIP:92069,22016.0
28008,12474906,2021,92069,San Marcos,CA,zip,ZIP:92069,21824.0
28009,12474906,2022,92069,San Marcos,CA,zip,ZIP:92069,21561.0
28040,12497061,2019,94551,Livermore,CA,zip,ZIP:94551,22136.0
28041,12497061,2020,94551,Livermore,CA,zip,ZIP:94551,22016.0
28042,12497061,2021,94551,Livermore,CA,zip,ZIP:94551,21824.0
28131,1276451,2022,95503,Eureka,CA,zip,ZIP:95503,21561.0
28192,12926184,2019,92111,San Diego,CA,zip,ZIP:92111,22136.0
28201,1299815,2022,95966,Oroville,CA,zip,ZIP:95966,21561.0
28211,13238245,2019,92084,Vista,CA,zip,ZIP:92084,22136.0
28213,13238245,2021,92084,Vista,CA,zip,ZIP:92084,21824.0
28214,13238245,2022,92084,Vista,CA,zip,ZIP:92084,21561.0
28222,13315,2018,90049,Los Angeles,CA,city,CITY:US060013,22273.0
28241,13512816,2019,95356,Modesto,CA,zip,ZIP:95356,22136.0
28242,13512816,2020,95356,Modesto,CA,zip,ZIP:95356,22016.0
28243,13512816,2021,95356,Modesto,CA,zip,ZIP:95356,21824.0
28244,13512816,2022,95356,Modesto,CA,zip,ZIP:95356,21561.0
28245,13512883,2019,95350,Modesto,CA,city,CITY:US060015,22136.0
28248,13512883,2022,95350,Modesto,CA,city,CITY:US060015,21561.0
28260,13759681,2020,94530,El Cerrito,CA,zip,ZIP:94530,22016.0
28268,1386963,2019,95728,Soda Springs,CA,zip,ZIP:95728,22136.0
28269,1386963,2022,95728,Soda Springs,CA,zip,ZIP:95728,21561.0
28278,1396117,2018,94111,San Francisco,CA,city,CITY:US060031,22273.0
28306,14112516,2022,91342,Sylmar,CA,zip,ZIP:91342,21561.0
28311,14249053,2021,92111,San Diego,CA,zip,ZIP:92111,21824.0
28352,14717628,2020,93550,Palmdale,CA,zip,ZIP:93550,22016.0
28353,14717628,2021,93550,Palmdale,CA,zip,ZIP:93550,21824.0
28354,14717628,2022,93550,Palmdale,CA,zip,ZIP:93550,21561.0
28355,14717731,2020,92345,Hesperia,CA,zip,ZIP:92345,22016.0
28356,14717731,2021,92345,Hesperia,CA,zip,ZIP:92345,21824.0
28357,14717731,2022,92345,Hesperia,CA,zip,ZIP:92345,21561.0
28358,14718119,2020,93560,Rosamond,CA,city,CITY:US060026,22016.0
28359,14718119,2021,93560,Rosamond,CA,city,CITY:US060026,21824.0
28360,14718119,2022,93560,Rosamond,CA,city,CITY:US060026,21561.0
28361,14718265,2020,93536,Lancaster,CA,zip,ZIP:93536,22016.0
28362,14718265,2021,93536,Lancaster,CA,zip,ZIP:93536,21824.0
28363,14718265,2022,93536,Lancaster,CA,zip,ZIP:93536,21561.0
28389,14746203,2020,94114,San Francisco,CA,zip,ZIP:94114,22016.0
28390,14746203,2021,94114,San Francisco,CA,zip,ZIP:94114,21824.0
28391,14746203,2022,94114,San Francisco,CA,zip,ZIP:94114,21561.0
28392,14757351,2020,94611,Oakland,CA,zip,ZIP:94611,22016.0
28393,14757351,2022,94611,Oakland,CA,zip,ZIP:94611,21561.0
28420,14808783,2020,94558,Napa,CA,zip,ZIP:94558,22016.0
28421,14808783,2021,94558,Napa,CA,zip,ZIP:94558,21824.0
28422,14808784,2020,94954,Petaluma,CA,zip,ZIP:94954,22016.0
28423,14808784,2021,94954,Petaluma,CA,zip,ZIP:94954,21824.0
28424,14808784,2022,94954,Petaluma,CA,zip,ZIP:94954,21561.0
28513,15101108,2020,93455,Santa Maria,CA,zip,ZIP:93455,22016.0
28514,15101108,2022,93455,Santa Maria,CA,zip,ZIP:93455,21561.0
28521,15133630,2020,95354,Modesto,CA,zip,ZIP:95354,22016.0
28522,15133630,2021,95354,Modesto,CA,zip,ZIP:95354,21824.0
28523,15133630,2022,95354,Modesto,CA,zip,ZIP:95354,21561.0
28573,15176647,2021,90807,Long Beach,CA,zip,ZIP:90807,21824.0
28581,15176766,2020,91311,Chatsworth,CA,zip,ZIP:91311,22016.0
28599,15202767,2020,91411,Van Nuys,CA,county,FIPS:24031,22016.0
28600,15202767,2021,91411,Van Nuys,CA,county,FIPS:24031,21824.0
28601,15202767,2022,91411,Van Nuys,CA,county,FIPS:24031,21561.0
28606,15202823,2021,92346,Highland,CA,county,FIPS:24033,21824.0
28667,15358882,2021,91601,North Hollywood,CA,county,FIPS:24021,21824.0
28765,15659002,2020,90302,Inglewood,CA,county,FIPS:24033,22016.0
28767,15659002,2022,90302,Inglewood,CA,county,FIPS:24033,21561.0
28789,15659045,2021,91706,Baldwin Park,CA,county,FIPS:41051,21824.0
28790,15659045,2022,91706,Baldwin Park,CA,county,FIPS:41051,21561.0
28794,15659057,2020,90601,Whittier,CA,county,FIPS:41051,22016.0
28832,15723901,2020,95076,Watsonville,CA,zip,ZIP:95076,22016.0
28833,15723901,2021,95076,Watsonville,CA,zip,ZIP:95076,21824.0
28837,15733756,2022,91902,Bonita,CA,county,FIPS:41005,21561.0
28839,15734886,2021,91401,Van Nuys,CA,county,FIPS:41005,21824.0
28841,15736178,2020,91303,Canoga Park,CA,county,FIPS:41005,22016.0
28851,15736644,2021,91423,Sherman Oaks,CA,county,FIPS:41067,21824.0
28859,15744994,2020,92311,Barstow,CA,city,CITY:US060003,22016.0
28860,15744994,2022,92311,Barstow,CA,city,CITY:US060003,21561.0
28877,15834196,2021,92120,San Diego,CA,zip,ZIP:92120,21824.0
28885,15835918,2020,95409,Santa Rosa,CA,zip,ZIP:95409,22016.0
28886,15835918,2021,95409,Santa Rosa,CA,zip,ZIP:95409,21824.0
28917,15935797,2020,92020,El Cajon,CA,zip,ZIP:92020,22016.0
28918,15935797,2021,92020,El Cajon,CA,zip,ZIP:92020,21824.0
28919,15935797,2022,92020,El Cajon,CA,zip,ZIP:92020,21561.0
28944,15935979,2020,95628,Fair Oaks,CA,county,FIPS:29095,22016.0
28945,15935979,2021,95628,Fair Oaks,CA,county,FIPS:29095,21824.0
28946,15935979,2022,95628,Fair Oaks,CA,county,FIPS:29095,21561.0
28972,15973706,2020,95928,Chico,CA,zip,ZIP:95928,22016.0
28978,16005935,2020,94043,Mountain View,CA,county,FIPS:36047,22016.0
28979,16005935,2021,94043,Mountain View,CA,county,FIPS:36061,21824.0
28980,16005935,2022,94043,Mountain View,CA,county,FIPS:36047,21561.0
28982,16031570,2022,90745,Carson,CA,county,FIPS:36061,21561.0
28983,16047764,2020,94588,Pleasanton,CA,county,FIPS:36061,22016.0
29053,16052515,2020,90623,La Palma,CA,county,FIPS:36119,22016.0
29060,16052520,2021,90631,La Habra,CA,county,FIPS:36047,21824.0
29083,16055452,2020,93535,Lancaster,CA,county,FIPS:36081,22016.0
29084,16055452,2021,93535,Lancaster,CA,county,FIPS:36081,21824.0
29085,16055452,2022,93535,Lancaster,CA,county,FIPS:36081,21561.0
29190,16087567,2020,93940,Monterey,CA,zip,ZIP:93940,22016.0
29191,16087567,2021,93940,Monterey,CA,zip,ZIP:93940,21824.0
29192,16087567,2022,93940,Monterey,CA,zip,ZIP:93940,21561.0
29200,16089232,2020,95341,Merced,CA,zip,ZIP:95341,22016.0
29201,16089232,2021,95341,Merced,CA,zip,ZIP:95341,21824.0
29202,16089232,2022,95341,Merced,CA,zip,ZIP:95341,21561.0
29209,16090188,2021,91042,Tujunga,CA,zip,ZIP:91042,21824.0
29210,16090188,2022,91042,Tujunga,CA,zip,ZIP:91042,21561.0
29220,16098274,2020,91941,La Mesa,CA,zip,ZIP:91941,22016.0
29238,16103498,2020,92262,Palm Springs,CA,zip,ZIP:92262,22016.0
29427,16725964,2022,91911,Chula Vista,CA,zip,ZIP:91911,21561.0
29474,16815851,2020,93933,Marina,CA,zip,ZIP:93933,22016.0
29475,16815851,2021,93933,Marina,CA,zip,ZIP:93933,21824.0
29510,16852158,2020,91702,Azusa,CA,zip,ZIP:91702,22016.0
29511,16852158,2021,91702,Azusa,CA,zip,ZIP:91702,21824.0
29512,16852158,2022,91702,Azusa,CA,zip,ZIP:91702,21561.0
29524,16861305,2020,93212,Corcoran,CA,zip,ZIP:93212,22016.0
29525,16861305,2021,93212,Corcoran,CA,zip,ZIP:93212,21824.0
29526,16861305,2022,93212,Corcoran,CA,zip,ZIP:93212,21561.0
29527,16861326,2020,93444,Nipomo,CA,zip,ZIP:93444,22016.0
29528,16861326,2021,93444,Nipomo,CA,zip,ZIP:93444,21824.0
29529,16861326,2022,93444,Nipomo,CA,zip,ZIP:93444,21561.0
29536,16861397,2020,92883,Corona,CA,zip,ZIP:92883,22016.0
29537,16861397,2021,92883,Corona,CA,zip,ZIP:92883,21824.0
29538,16861397,2022,92883,Corona,CA,zip,ZIP:92883,21561.0
29620,17299000,2020,94952,Petaluma,CA,zip,ZIP:94952,22016.0
29621,17299000,2021,94952,Petaluma,CA,zip,ZIP:94952,21824.0
29622,17299000,2022,94952,Petaluma,CA,zip,ZIP:94952,21561.0
29631,17366669,2020,92243,El Centro,CA,city,CITY:US060008,22016.0
29632,17366669,2021,92243,El Centro,CA,city,CITY:US060008,21824.0
29641,17384214,2020,92083,Vista,CA,zip,ZIP:92083,22016.0
29642,17384214,2021,92083,Vista,CA,zip,ZIP:92083,21824.0
29643,17384214,2022,92083,Vista,CA,zip,ZIP:92083,21561.0
29647,17384234,2020,92260,Palm Desert,CA,zip,ZIP:92260,22016.0
29648,17384234,2021,92260,Palm Desert,CA,zip,ZIP:92260,21824.0
29649,17384234,2022,92260,Palm Desert,CA,zip,ZIP:92260,21561.0
29665,17384839,2020,95403,Santa Rosa,CA,zip,ZIP:95403,22016.0
29666,17384839,2021,95403,Santa Rosa,CA,zip,ZIP:95403,21824.0
29667,17384839,2022,95403,Santa Rosa,CA,zip,ZIP:95403,21561.0
29686,17505979,2021,94611,Oakland,CA,zip,ZIP:94611,21824.0
29829,20998970,2020,92264,Palm Springs,CA,city,CITY:US060021,22016.0
29830,20998970,2021,92264,Palm Springs,CA,city,CITY:US060021,21824.0
29831,20998970,2022,92264,Palm Springs,CA,city,CITY:US060021,21561.0
29862,21642246,2022,90045,Los Angeles,CA,zip,ZIP:90045,21561.0
29869,2279309,2022,94558,Napa,CA,zip,ZIP:94558,21561.0
29871,2313751,2019,91505,Burbank,CA,zip,ZIP:91505,22136.0
29872,2313751,2020,91505,Burbank,CA,zip,ZIP:91505,22016.0
29873,2313751,2021,91505,Burbank,CA,zip,ZIP:91505,21824.0
29874,2313751,2022,91505,Burbank,CA,zip,ZIP:91505,21561.0
29894,2347799,2020,92127,San Diego,CA,zip,ZIP:92127,22016.0
29895,2347799,2021,92127,San Diego,CA,zip,ZIP:92127,21824.0
29942,2551300,2018,95119,San Jose,CA,city,CITY:US060032,22273.0
30080,3134751,2022,94551,Livermore,CA,zip,ZIP:94551,21561.0
30085,3135804,2019,92260,Palm Desert,CA,zip,ZIP:92260,22136.0
30132,3163241,2019,95403,Santa Rosa,CA,zip,ZIP:95403,22136.0
30140,3173307,2018,94102,San Francisco,CA,zip,ZIP:94102,22273.0
30156,3301119,2018,92121,San Diego,CA,city,CITY:US060030,22273.0
30170,3412368,2019,91773,San Dimas,CA,zip,ZIP:91773,22136.0
30171,3412368,2020,91773,San Dimas,CA,zip,ZIP:91773,22016.0
30172,3412368,2021,91773,San Dimas,CA,zip,ZIP:91773,21824.0
30173,3412368,2022,91773,San Dimas,CA,zip,ZIP:91773,21561.0
30178,3465211,2018,92101,San Diego,CA,zip,ZIP:92101,22273.0
30278,3928733,2022,93405,San Luis Obispo,CA,zip,ZIP:93405,21561.0
30331,3960626,2018,92677,Laguna Niguel,CA,zip,ZIP:92677,22273.0
30435,4274919,2019,95060,Santa Cruz,CA,zip,ZIP:95060,22136.0
30635,4458697,2019,93101,Santa Barbara,CA,city,CITY:US060035,22136.0
30636,4458697,2020,93101,Santa Barbara,CA,city,CITY:US060035,22016.0
30637,4458697,2021,93101,Santa Barbara,CA,city,CITY:US060035,21824.0
30638,4458697,2022,93101,Santa Barbara,CA,city,CITY:US060035,21561.0
30650,4498918,2019,93458,Santa Maria,CA,city,CITY:US060038,22136.0
30651,4498918,2020,93458,Santa Maria,CA,city,CITY:US060038,22016.0
30736,4842303,2020,96161,Truckee,CA,zip,ZIP:96161,22016.0
30823,4969851,2019,92120,San Diego,CA,zip,ZIP:92120,22136.0
30826,4969851,2022,92120,San Diego,CA,zip,ZIP:92120,21561.0
30897,5042689,2020,92064,Poway,CA,zip,ZIP:92064,22016.0
30898,5042689,2021,92064,Poway,CA,zip,ZIP:92064,21824.0
30899,5042689,2022,92064,Poway,CA,zip,ZIP:92064,21561.0
30906,5043796,2019,93536,Lancaster,CA,zip,ZIP:93536,22136.0
30927,5077367,2019,92064,Poway,CA,zip,ZIP:92064,22136.0
31006,5103133,2019,91711,Claremont,CA,zip,ZIP:91711,22136.0
31007,5103133,2020,91711,Claremont,CA,zip,ZIP:91711,22016.0
31008,5103133,2021,91711,Claremont,CA,zip,ZIP:91711,21824.0
31018,5222214,2019,94954,Petaluma,CA,zip,ZIP:94954,22136.0
31139,5245646,2019,91941,La Mesa,CA,zip,ZIP:91941,22136.0
31141,5245646,2022,91941,La Mesa,CA,zip,ZIP:91941,21561.0
31298,5787732,2019,92880,Corona,CA,zip,ZIP:92880,22136.0
31299,5787732,2021,92880,Corona,CA,zip,ZIP:92880,21824.0
31300,5787732,2022,92880,Corona,CA,zip,ZIP:92880,21561.0
31324,5803193,2018,90045,Los Angeles,CA,zip,ZIP:90045,22273.0
31325,5803193,2019,90045,Los Angeles,CA,zip,ZIP:90045,22136.0
31328,5808679,2018,91311,Chatsworth,CA,zip,ZIP:91311,22273.0
31423,5858733,2019,94558,Napa,CA,zip,ZIP:94558,22136.0
31491,5883274,2020,92880,Corona,CA,zip,ZIP:92880,22016.0
31753,5922892,2021,90045,Los Angeles,CA,zip,ZIP:90045,21824.0
31785,5926285,2019,91741,Glendora,CA,zip,ZIP:91741,22136.0
31786,5926285,2020,91741,Glendora,CA,zip,ZIP:91741,22016.0
31787,5926285,2021,91741,Glendora,CA,zip,ZIP:91741,21824.0
31788,5926285,2022,91741,Glendora,CA,zip,ZIP:91741,21561.0
32015,5975332,2020,95776,Woodland,CA,zip,ZIP:95776,22016.0
32016,5975332,2021,95776,Woodland,CA,zip,ZIP:95776,21824.0
32017,5975332,2022,95776,Woodland,CA,zip,ZIP:95776,21561.0
32094,6027299,2019,95401,Santa Rosa,CA,zip,ZIP:95401,22136.0
32095,6027299,2020,95401,Santa Rosa,CA,zip,ZIP:95401,22016.0
32096,6027299,2021,95401,Santa Rosa,CA,zip,ZIP:95401,21824.0
32097,6027299,2022,95401,Santa Rosa,CA,zip,ZIP:95401,21561.0
32398,6146238,2019,95404,Santa Rosa,CA,zip,ZIP:95404,22136.0
32399,6146238,2020,95404,Santa Rosa,CA,zip,ZIP:95404,22016.0
32400,6146238,2021,95404,Santa Rosa,CA,zip,ZIP:95404,21824.0
32401,6146238,2022,95404,Santa Rosa,CA,zip,ZIP:95404,21561.0
32491,6165196,2019,91311,Chatsworth,CA,zip,ZIP:91311,22136.0
32492,6165196,2021,91311,Chatsworth,CA,zip,ZIP:91311,21824.0
32493,6165196,2022,91311,Chatsworth,CA,zip,ZIP:91311,21561.0
32533,6168935,2019,95409,Santa Rosa,CA,zip,ZIP:95409,22136.0
32536,6168935,2022,95409,Santa Rosa,CA,zip,ZIP:95409,21561.0
32606,6193571,2019,94949,Novato,CA,zip,ZIP:94949,22136.0
32607,6193571,2020,94949,Novato,CA,zip,ZIP:94949,22016.0
32608,6193571,2022,94949,Novato,CA,zip,ZIP:94949,21561.0
32665,6205610,2019,95448,Healdsburg,CA,zip,ZIP:95448,22136.0
32666,6205610,2020,95448,Healdsburg,CA,zip,ZIP:95448,22016.0
32667,6205610,2022,95448,Healdsburg,CA,zip,ZIP:95448,21561.0
32687,6205785,2019,93933,Marina,CA,zip,ZIP:93933,22136.0
32877,6244177,2019,92083,Vista,CA,zip,ZIP:92083,22136.0
33422,6310149,2019,90807,Long Beach,CA,zip,ZIP:90807,22136.0
33426,6311074,2018,95123,San Jose,CA,zip,ZIP:95123,22273.0
33427,6312285,2019,95688,Vacaville,CA,zip,ZIP:95688,22136.0
33428,6312285,2020,95688,Vacaville,CA,zip,ZIP:95688,22016.0
33429,6312285,2021,95688,Vacaville,CA,zip,ZIP:95688,21824.0
33430,6312285,2022,95688,Vacaville,CA,zip,ZIP:95688,21561.0
33438,6315178,2019,95928,Chico,CA,zip,ZIP:95928,22136.0
33440,6315178,2021,95928,Chico,CA,zip,ZIP:95928,21824.0
33441,6315178,2022,95928,Chico,CA,zip,ZIP:95928,21561.0
33521,6322806,2018,92703,Santa Ana,CA,city,CITY:US060034,22273.0
33755,6346306,2019,93277,Visalia,CA,city,CITY:US060046,22136.0
34167,6376983,2018,93030,Oxnard,CA,city,CITY:US060020,22273.0
34249,6390606,2019,92264,Palm Springs,CA,city,CITY:US060021,22136.0
34331,6417257,2019,94530,El Cerrito,CA,zip,ZIP:94530,22136.0
34333,6417257,2021,94530,El Cerrito,CA,zip,ZIP:94530,21824.0
34334,6417257,2022,94530,El Cerrito,CA,zip,ZIP:94530,21561.0
34382,6424338,2020,92009,Carlsbad,CA,zip,ZIP:92009,22016.0
34383,6424338,2021,92009,Carlsbad,CA,zip,ZIP:92009,21824.0
34384,6424338,2022,92009,Carlsbad,CA,zip,ZIP:92009,21561.0
34508,6465064,2019,92692,Mission Viejo,CA,zip,ZIP:92692,22136.0
34509,6465064,2020,92692,Mission Viejo,CA,zip,ZIP:92692,22016.0
34510,6465064,2021,92692,Mission Viejo,CA,zip,ZIP:92692,21824.0
34511,6465064,2022,92692,Mission Viejo,CA,zip,ZIP:92692,21561.0
34534,6466654,2019,90277,Redondo Beach,CA,zip,ZIP:90277,22136.0
34535,6466654,2020,90277,Redondo Beach,CA,zip,ZIP:90277,22016.0
34536,6466654,2021,90277,Redondo Beach,CA,zip,ZIP:90277,21824.0
34537,6466654,2022,90277,Redondo Beach,CA,zip,ZIP:90277,21561.0
34670,6552930,2021,91350,Santa Clarita,CA,city,CITY:US060036,21824.0
34672,6552939,2019,94559,Napa,CA,city,CITY:US060017,22136.0
34896,6628294,2019,92069,San Marcos,CA,zip,ZIP:92069,22136.0
34932,6654574,2019,94062,Redwood City,CA,zip,ZIP:94062,22136.0
34933,6654574,2020,94062,Redwood City,CA,zip,ZIP:94062,22016.0
34934,6654574,2021,94062,Redwood City,CA,zip,ZIP:94062,21824.0
34935,6654574,2022,94062,Redwood City,CA,zip,ZIP:94062,21561.0
34974,6678704,2019,94611,Oakland,CA,zip,ZIP:94611,22136.0
35100,6683303,2021,91941,La Mesa,CA,zip,ZIP:91941,21824.0
35426,6696249,2019,92570,Perris,CA,zip,ZIP:92570,22136.0
35427,6696249,2020,92570,Perris,CA,zip,ZIP:92570,22016.0
35428,6696249,2021,92570,Perris,CA,zip,ZIP:92570,21824.0
35429,6696249,2022,92570,Perris,CA,zip,ZIP:92570,21561.0
35807,6711296,2021,95616,Davis,CA,zip,ZIP:95616,21824.0
35879,6716610,2019,95405,Santa Rosa,CA,city,CITY:US060039,22136.0
35880,6716610,2020,95405,Santa Rosa,CA,city,CITY:US060039,22016.0
35881,6716610,2021,95405,Santa Rosa,CA,city,CITY:US060039,21824.0
35882,6716610,2022,95405,Santa Rosa,CA,city,CITY:US060039,21561.0
35888,6717877,2022,93933,Marina,CA,zip,ZIP:93933,21561.0
36023,6723161,2022,91711,Claremont,CA,zip,ZIP:91711,21561.0
36078,6726700,2022,93117,Goleta,CA,zip,ZIP:93117,21561.0
36384,6766674,2020,92028,Fallbrook,CA,zip,ZIP:92028,22016.0
36621,6778527,2019,95682,Shingle Springs,CA,zip,ZIP:95682,22136.0
36622,6778527,2020,95682,Shingle Springs,CA,zip,ZIP:95682,22016.0
36623,6778527,2021,95682,Shingle Springs,CA,zip,ZIP:95682,21824.0
36624,6778527,2022,95682,Shingle Springs,CA,zip,ZIP:95682,21561.0
36640,6780517,2019,91789,Walnut,CA,zip,ZIP:91789,22136.0
36641,6780517,2020,91789,Walnut,CA,zip,ZIP:91789,22016.0
36642,6780517,2021,91789,Walnut,CA,zip,ZIP:91789,21824.0
36643,6780517,2022,91789,Walnut,CA,zip,ZIP:91789,21561.0
36661,6781103,2019,95304,Tracy,CA,zip,ZIP:95304,22136.0
36662,6781103,2020,95304,Tracy,CA,zip,ZIP:95304,22016.0
36663,6781103,2021,95304,Tracy,CA,zip,ZIP:95304,21824.0
36664,6781103,2022,95304,Tracy,CA,zip,ZIP:95304,21561.0
36669,6781124,2019,96150,South Lake Tahoe,CA,zip,ZIP:96150,22136.0
36670,6781124,2020,96150,South Lake Tahoe,CA,zip,ZIP:96150,22016.0
36671,6781124,2021,96150,South Lake Tahoe,CA,zip,ZIP:96150,21824.0
36672,6781124,2022,96150,South Lake Tahoe,CA,zip,ZIP:96150,21561.0
36691,6781197,2019,95973,Chico,CA,zip,ZIP:95973,22136.0
36692,6781197,2020,95973,Chico,CA,zip,ZIP:95973,22016.0
36693,6781197,2021,95973,Chico,CA,zip,ZIP:95973,21824.0
36694,6781197,2022,95973,Chico,CA,zip,ZIP:95973,21561.0
36972,6784665,2019,93446,Paso Robles,CA,zip,ZIP:93446,22136.0
36973,6784665,2020,93446,Paso Robles,CA,zip,ZIP:93446,22016.0
36974,6784665,2021,93446,Paso Robles,CA,zip,ZIP:93446,21824.0
36975,6784665,2022,93446,Paso Robles,CA,zip,ZIP:93446,21561.0
37043,6789202,2019,96007,Anderson,CA,zip,ZIP:96007,22136.0
37045,6789204,2019,95945,Grass Valley,CA,zip,ZIP:95945,22136.0
37049,6789211,2019,95966,Oroville,CA,zip,ZIP:95966,22136.0
37052,6789215,2019,95648,Lincoln,CA,zip,ZIP:95648,22136.0
37053,6789216,2019,94513,Brentwood,CA,zip,ZIP:94513,22136.0
37078,6791530,2019,94114,San Francisco,CA,zip,ZIP:94114,22136.0
37939,6801441,2019,95354,Modesto,CA,zip,ZIP:95354,22136.0
38020,6803516,2021,94132,San Francisco,CA,zip,ZIP:94132,21824.0
38026,6803518,2019,92211,Palm Desert,CA,zip,ZIP:92211,22136.0
38027,6803518,2020,92211,Palm Desert,CA,zip,ZIP:92211,22016.0
38028,6803518,2021,92211,Palm Desert,CA,zip,ZIP:92211,21824.0
38029,6803518,2022,92211,Palm Desert,CA,zip,ZIP:92211,21561.0
38033,6803525,2019,92504,Riverside,CA,zip,ZIP:92504,22136.0
38036,6803525,2022,92504,Riverside,CA,zip,ZIP:92504,21561.0
38089,6803708,2019,95822,Sacramento,CA,zip,ZIP:95822,22136.0
38090,6803708,2020,95822,Sacramento,CA,zip,ZIP:95822,22016.0
38091,6803708,2021,95822,Sacramento,CA,zip,ZIP:95822,21824.0
38092,6803708,2022,95822,Sacramento,CA,zip,ZIP:95822,21561.0
38174,6805431,2019,95776,Woodland,CA,zip,ZIP:95776,22136.0
38234,6805450,2020,95648,Lincoln,CA,zip,ZIP:95648,22016.0
38235,6805450,2021,95648,Lincoln,CA,zip,ZIP:95648,21824.0
38236,6805450,2022,95648,Lincoln,CA,zip,ZIP:95648,21561.0
38372,6810703,2019,92243,El Centro,CA,city,CITY:US060008,22136.0
38411,6811943,2019,93405,San Luis Obispo,CA,zip,ZIP:93405,22136.0
38412,6811943,2020,93405,San Luis Obispo,CA,zip,ZIP:93405,22016.0
38582,6815852,2019,93308,Bakersfield,CA,zip,ZIP:93308,22136.0
38583,6815852,2020,93308,Bakersfield,CA,zip,ZIP:93308,22016.0
38584,6815852,2021,93308,Bakersfield,CA,zip,ZIP:93308,21824.0
38585,6815852,2022,93308,Bakersfield,CA,zip,ZIP:93308,21561.0
38598,6816201,2019,94621,Oakland,CA,zip,ZIP:94621,22136.0
38599,6816201,2020,94621,Oakland,CA,zip,ZIP:94621,22016.0
38600,6816201,2021,94621,Oakland,CA,zip,ZIP:94621,21824.0
38601,6816201,2022,94621,Oakland,CA,zip,ZIP:94621,21561.0
38619,6819259,2019,94952,Petaluma,CA,zip,ZIP:94952,22136.0
38939,6829536,2018,92009,Carlsbad,CA,zip,ZIP:92009,22273.0
39066,6832896,2019,95062,Santa Cruz,CA,city,CITY:US060037,22136.0
39067,6832896,2020,95062,Santa Cruz,CA,city,CITY:US060037,22016.0
39068,6832896,2021,95062,Santa Cruz,CA,city,CITY:US060037,21824.0
39069,6832896,2022,95062,Santa Cruz,CA,city,CITY:US060037,21561.0
39070,6832897,2019,93210,Coalinga,CA,city,CITY:US060007,22136.0
39071,6832897,2020,93210,Coalinga,CA,city,CITY:US060007,22016.0
39072,6832897,2021,93210,Coalinga,CA,city,CITY:US060007,21824.0
39073,6832897,2022,93210,Coalinga,CA,city,CITY:US060007,21561.0
39083,6833290,2019,95340,Merced,CA,city,CITY:US060014,22136.0
39134,6833377,2020,95945,Grass Valley,CA,zip,ZIP:95945,22016.0
39135,6833377,2021,95945,Grass Valley,CA,zip,ZIP:95945,21824.0
39136,6833377,2022,95945,Grass Valley,CA,zip,ZIP:95945,21561.0
39262,6835939,2019,92020,El Cajon,CA,zip,ZIP:92020,22136.0
39370,6837387,2020,93960,Soledad,CA,city,CITY:US060041,22016.0
39371,6837387,2021,93960,Soledad,CA,city,CITY:US060041,21824.0
39372,6837387,2022,93960,Soledad,CA,city,CITY:US060041,21561.0
39377,6837392,2019,95076,Watsonville,CA,zip,ZIP:95076,22136.0
39380,6837392,2022,95076,Watsonville,CA,zip,ZIP:95076,21561.0
39600,6842238,2019,93560,Rosamond,CA,city,CITY:US060026,22136.0
39746,6852155,2019,93550,Palmdale,CA,zip,ZIP:93550,22136.0
39853,6860518,2019,93212,Corcoran,CA,zip,ZIP:93212,22136.0
39955,6863322,2019,94947,Novato,CA,zip,ZIP:94947,22136.0
39956,6863322,2020,94947,Novato,CA,zip,ZIP:94947,22016.0
39957,6863322,2021,94947,Novato,CA,zip,ZIP:94947,21824.0
39958,6863322,2022,94947,Novato,CA,zip,ZIP:94947,21561.0
40081,6865584,2019,93940,Monterey,CA,zip,ZIP:93940,22136.0
40168,6866057,2020,94513,Brentwood,CA,zip,ZIP:94513,22016.0
40169,6866057,2021,94513,Brentwood,CA,zip,ZIP:94513,21824.0
40324,6868904,2021,93458,Santa Maria,CA,city,CITY:US060038,21824.0
40325,6868904,2022,93458,Santa Maria,CA,city,CITY:US060038,21561.0
40344,6869173,2019,95023,Hollister,CA,zip,ZIP:95023,22136.0
40345,6869173,2020,95023,Hollister,CA,zip,ZIP:95023,22016.0
40346,6869173,2021,95023,Hollister,CA,zip,ZIP:95023,21824.0
40347,6869173,2022,95023,Hollister,CA,zip,ZIP:95023,21561.0
40603,6875808,2021,95864,Sacramento,CA,zip,ZIP:95864,21824.0
40604,6875808,2022,95864,Sacramento,CA,zip,ZIP:95864,21561.0
40708,6876267,2019,92233,Calipatria,CA,zip,ZIP:92233,22136.0
40709,6876267,2020,92233,Calipatria,CA,zip,ZIP:92233,22016.0
40710,6876267,2021,92233,Calipatria,CA,zip,ZIP:92233,21824.0
40711,6876267,2022,92233,Calipatria,CA,zip,ZIP:92233,21561.0
41008,6877455,2019,93401,San Luis Obispo,CA,zip,ZIP:93401,22136.0
41009,6877455,2020,93401,San Luis Obispo,CA,zip,ZIP:93401,22016.0
41010,6877455,2021,93401,San Luis Obispo,CA,zip,ZIP:93401,21824.0
41011,6877455,2022,93401,San Luis Obispo,CA,zip,ZIP:93401,21561.0
41079,6877898,2021,96007,Anderson,CA,zip,ZIP:96007,21824.0
41080,6877898,2022,96007,Anderson,CA,zip,ZIP:96007,21561.0
41138,6879617,2018,91342,Sylmar,CA,zip,ZIP:91342,22273.0
41153,6879689,2022,92243,El Centro,CA,city,CITY:US060008,21561.0
41211,6880341,2019,92883,Corona,CA,zip,ZIP:92883,22136.0
41283,6884486,2019,95713,Colfax,CA,zip,ZIP:95713,22136.0
41284,6884486,2020,95713,Colfax,CA,zip,ZIP:95713,22016.0
41285,6884486,2021,95713,Colfax,CA,zip,ZIP:95713,21824.0
41286,6884486,2022,95713,Colfax,CA,zip,ZIP:95713,21561.0
41440,6896200,2019,91301,Agoura Hills,CA,zip,ZIP:91301,22136.0
41441,6896200,2020,91301,Agoura Hills,CA,zip,ZIP:91301,22016.0
41442,6896200,2021,91301,Agoura Hills,CA,zip,ZIP:91301,21824.0
41443,6896200,2022,91301,Agoura Hills,CA,zip,ZIP:91301,21561.0
41478,6897043,2019,93105,Santa Barbara,CA,zip,ZIP:93105,22136.0
41479,6897043,2020,93105,Santa Barbara,CA,zip,ZIP:93105,22016.0
41480,6897043,2021,93105,Santa Barbara,CA,zip,ZIP:93105,21824.0
41481,6897043,2022,93105,Santa Barbara,CA,zip,ZIP:93105,21561.0
41622,6933484,2019,91702,Azusa,CA,zip,ZIP:91702,22136.0
41934,7171247,2021,95961,Olivehurst,CA,zip,ZIP:95961,21824.0
41935,7171247,2022,95961,Olivehurst,CA,zip,ZIP:95961,21561.0
41964,7171255,2019,93555,Ridgecrest,CA,zip,ZIP:93555,22136.0
41965,7171255,2020,93555,Ridgecrest,CA,zip,ZIP:93555,22016.0
41966,7171255,2021,93555,Ridgecrest,CA,zip,ZIP:93555,21824.0
41967,7171255,2022,93555,Ridgecrest,CA,zip,ZIP:93555,21561.0
42448,7804239,2019,92544,Hemet,CA,zip,ZIP:92544,22136.0
42449,7804239,2020,92544,Hemet,CA,zip,ZIP:92544,22016.0
42450,7804239,2021,92544,Hemet,CA,zip,ZIP:92544,21824.0
42451,7804239,2022,92544,Hemet,CA,zip,ZIP:92544,21561.0
42500,7954807,2019,93638,Madera,CA,zip,ZIP:93638,22136.0
42501,7954807,2020,93638,Madera,CA,zip,ZIP:93638,22016.0
42502,7954807,2021,93638,Madera,CA,zip,ZIP:93638,21824.0
42503,7954807,2022,93638,Madera,CA,zip,ZIP:93638,21561.0
42507,7954824,2022,95901,Marysville,CA,zip,ZIP:95901,21561.0
42604,8153407,2019,95361,Oakdale,CA,zip,ZIP:95361,22136.0
42605,8153407,2020,95361,Oakdale,CA,zip,ZIP:95361,22016.0
42606,8153407,2021,95361,Oakdale,CA,zip,ZIP:95361,21824.0
42607,8153407,2022,95361,Oakdale,CA,zip,ZIP:95361,21561.0
42955,9137972,2019,92223,Beaumont,CA,zip,ZIP:92223,22136.0
42956,9137972,2020,92223,Beaumont,CA,zip,ZIP:92223,22016.0
42969,9154560,2019,93927,Greenfield,CA,zip,ZIP:93927,22136.0
42970,9154560,2020,93927,Greenfield,CA,zip,ZIP:93927,22016.0
42971,9154560,2021,93927,Greenfield,CA,zip,ZIP:93927,21824.0
42972,9154560,2022,93927,Greenfield,CA,zip,ZIP:93927,21561.0
42994,9284668,2021,93405,San Luis Obispo,CA,zip,ZIP:93405,21824.0
43288,9866789,2019,94930,Fairfax,CA,zip,ZIP:94930,22136.0
43289,9866789,2020,94930,Fairfax,CA,zip,ZIP:94930,22016.0
43290,9866789,2021,94930,Fairfax,CA,zip,ZIP:94930,21824.0
43291,9866789,2022,94930,Fairfax,CA,zip,ZIP:94930,21561.0
43351,127771,2010,32607,Gainesville,FL,city,CITY:US120015,22192.0
43352,127771,2011,32607,Gainesville,FL,city,CITY:US120015,22310.0
43353,127771,2012,32607,Gainesville,FL,city,CITY:US120015,22437.0
43354,127771,2013,32607,Gainesville,FL,city,CITY:US120015,22463.0
43359,127774,2010,32606,Gainesville,FL,zip,ZIP:32606,22192.0
43360,127774,2012,32606,Gainesville,FL,zip,ZIP:32606,22437.0
43361,127774,2013,32606,Gainesville,FL,zip,ZIP:32606,22463.0
43366,127775,2014,32605,Gainesville,FL,city,CITY:US120015,22411.0
43367,127775,2015,32605,Gainesville,FL,city,CITY:US120015,22391.0
43412,127787,2011,32606,Gainesville,FL,zip,ZIP:32606,22310.0
43419,127789,2011,32608,Gainesville,FL,zip,ZIP:32608,22310.0
43420,127789,2012,32608,Gainesville,FL,zip,ZIP:32608,22437.0
43421,127789,2013,32608,Gainesville,FL,zip,ZIP:32608,22463.0
43422,127789,2014,32608,Gainesville,FL,zip,ZIP:32608,22411.0
43423,127789,2015,32608,Gainesville,FL,zip,ZIP:32608,22391.0
43428,127792,2010,32608,Gainesville,FL,zip,ZIP:32608,22192.0
43437,127793,2014,32606,Gainesville,FL,zip,ZIP:32606,22411.0
43438,127793,2015,32606,Gainesville,FL,zip,ZIP:32606,22391.0
45969,128401,2011,32615,Alachua,FL,zip,ZIP:32615,22310.0
45970,128401,2012,32615,Alachua,FL,zip,ZIP:32615,22437.0
45971,128401,2013,32615,Alachua,FL,zip,ZIP:32615,22463.0
45972,128401,2014,32615,Alachua,FL,zip,ZIP:32615,22411.0
45973,128401,2015,32615,Alachua,FL,zip,ZIP:32615,22391.0
46049,128418,2010,32615,Alachua,FL,zip,ZIP:32615,22192.0
47327,128724,2011,32669,Newberry,FL,zip,ZIP:32669,22310.0
47328,128724,2012,32669,Newberry,FL,zip,ZIP:32669,22437.0
47329,128724,2013,32669,Newberry,FL,zip,ZIP:32669,22463.0
47330,128724,2014,32669,Newberry,FL,zip,ZIP:32669,22411.0
47331,128724,2015,32669,Newberry,FL,zip,ZIP:32669,22391.0
50201,129463,2011,32618,Archer,FL,county,FIPS:12001,22310.0
50202,129463,2012,32618,Archer,FL,county,FIPS:12001,22437.0
50203,129463,2015,32618,Archer,FL,county,FIPS:12001,22391.0
50206,129464,2013,32618,Archer,FL,county,FIPS:12001,22463.0
50207,129464,2014,32618,Archer,FL,county,FIPS:12001,22411.0
50375,129508,2010,32669,Newberry,FL,zip,ZIP:32669,22192.0
63491,132930,2011,32618,Archer,FL,county,FIPS:12007,22310.0
63493,132930,2013,32618,Archer,FL,county,FIPS:12007,22463.0
63495,132930,2015,32618,Archer,FL,county,FIPS:12007,22391.0
63937,133033,2014,32618,Archer,FL,county,FIPS:12007,22411.0
64289,133129,2010,32618,Archer,FL,county,FIPS:12001,22192.0
64360,133156,2012,32618,Archer,FL,county,FIPS:12007,22437.0
66725,133904,2010,32618,Archer,FL,county,FIPS:12007,22192.0
104684,143183,2012,32643,High Springs,FL,zip,ZIP:32643,22437.0
107219,143856,2010,32618,Archer,FL,county,FIPS:12075,22192.0
107221,143856,2012,32618,Archer,FL,county,FIPS:12041,22437.0
107222,143856,2013,32618,Archer,FL,county,FIPS:12075,22463.0
128189,149343,2015,Unknown,Newberry,FL,county,FIPS:12041,22391.0
197879,PM10179953,2018,20016,Washington,DC,zip,ZIP:20016,22273.0
197881,PM10179953,2019,20016,Washington,DC,zip,ZIP:20016,22136.0
197883,PM10179953,2020,20016,Washington,DC,zip,ZIP:20016,22016.0
197884,PM10179953,2020,20016,Washington,DC,city,CITY:US290023,22016.0
197885,PM10179953,2021,20016,Washington,DC,city,CITY:US000001,21824.0
197886,PM10179953,2021,20016,Washington,DC,city,CITY:US290023,21824.0
197887,PM10179953,2022,20016,Washington,DC,city,CITY:US000001,21561.0
197888,PM10179953,2022,20016,Washington,DC,city,CITY:US290023,21561.0
197889,PM10183045,2018,20009,Washington,DC,city,CITY:US000001,22273.0
197890,PM10183045,2018,20009,Washington,DC,city,CITY:US290023,22273.0
197891,PM10183045,2019,20009,Washington,DC,city,CITY:US000001,22136.0
197892,PM10183045,2019,20009,Washington,DC,city,CITY:US290023,22136.0
197893,PM10183045,2020,20009,Washington,DC,city,CITY:US000001,22016.0
197909,PM10290459,2019,20012,Washington,DC,,,22136.0
197911,PM10290459,2020,20012,Washington,DC,,,22016.0
197913,PM10290459,2021,20012,Washington,DC,,,21824.0
197926,PM10386222,2019,20009,Washington,DC,county,FIPS:12001,22136.0
197979,PM10517262,2021,20036,Washington,DC,county,FIPS:12007,21824.0
197981,PM10517262,2022,20036,Washington,DC,county,FIPS:12001,21561.0
198016,PM10523761,2019,20007,Washington,DC,county,FIPS:12007,22136.0
198017,PM10523761,2020,20007,Washington,DC,county,FIPS:12001,22016.0
198086,PM10524052,2022,20002,Washington,DC,zip,ZIP:20002,21561.0
198099,PM10524126,2020,20009,Washington,DC,county,FIPS:12007,22016.0
198101,PM10524126,2021,20009,Washington,DC,county,FIPS:12001,21824.0
198487,PM14009908,2022,20008,Washington,DC,county,FIPS:12007,21561.0
198507,PM1419778,2012,20037,Washington,DC,city,CITY:US000001,22437.0
198508,PM1419778,2012,20037,Washington,DC,city,CITY:US290023,22437.0
198509,PM1419778,2013,20037,Washington,DC,city,CITY:US000001,22463.0
198510,PM1419778,2013,20037,Washington,DC,city,CITY:US290023,22463.0
198511,PM1419778,2014,20037,Washington,DC,city,CITY:US000001,22411.0
198512,PM1419778,2014,20037,Washington,DC,city,CITY:US290023,22411.0
198513,PM1419812,2011,20052,Washington,DC,city,CITY:US000001,22310.0
198514,PM1419812,2011,20052,Washington,DC,city,CITY:US290023,22310.0
198521,PM1419812,2015,20052,Washington,DC,city,CITY:US000001,22391.0
198522,PM1419812,2015,20052,Washington,DC,city,CITY:US290023,22391.0
198523,PM1419812,2016,20052,Washington,DC,city,CITY:US000001,22360.0
198524,PM1419812,2016,20052,Washington,DC,city,CITY:US290023,22360.0
198525,PM1419812,2017,20052,Washington,DC,city,CITY:US000001,22358.0
198526,PM1419812,2017,20052,Washington,DC,city,CITY:US290023,22358.0
198541,PM1448823,2011,20016,Washington,DC,zip,ZIP:20016,22310.0
199141,PM1720876,2016,20004,Washington,DC,county,FIPS:12001,22360.0
199143,PM1720876,2017,20004,Washington,DC,county,FIPS:12007,22358.0
199145,PM1720876,2018,20004,Washington,DC,,,22273.0
199326,PM21600861,2018,20001,Washington,DC,county,FIPS:12001,22273.0
199407,PM2381169,2010,20037,Washington,DC,city,CITY:US000001,22192.0
199408,PM2381169,2010,20037,Washington,DC,city,CITY:US290023,22192.0
199459,PM24328805,2018,20002,Washington,DC,zip,ZIP:20002,22273.0
199461,PM24328805,2019,20002,Washington,DC,zip,ZIP:20002,22136.0
199585,PM2703000,2016,20037,Washington,DC,county,FIPS:12007,22360.0
199587,PM2703000,2017,20037,Washington,DC,county,FIPS:12001,22358.0
199589,PM2703000,2018,20037,Washington,DC,county,FIPS:12007,22273.0
200229,PM3333296,2012,20008,Washington,DC,,,22437.0
200231,PM3333296,2013,20008,Washington,DC,,,22463.0
200390,PM3361435,2017,20037,Washington,DC,,,22358.0
200399,PM3361435,2022,20037,Washington,DC,,,21561.0
200483,PM3417499,2014,20005,Washington,DC,,,22411.0
200485,PM3417499,2015,20005,Washington,DC,,,22391.0
200487,PM3417499,2016,20005,Washington,DC,,,22360.0
200773,PM3490082,2013,20016,Washington,DC,zip,ZIP:20016,22463.0
200775,PM3490082,2014,20016,Washington,DC,zip,ZIP:20016,22411.0
200777,PM3490082,2015,20016,Washington,DC,zip,ZIP:20016,22391.0
200779,PM3490082,2016,20016,Washington,DC,zip,ZIP:20016,22360.0
203650,PM3984144,2015,20002,Washington,DC,zip,ZIP:20002,22391.0
203651,PM3984144,2016,20002,Washington,DC,zip,ZIP:20002,22360.0
203653,PM3984144,2017,20002,Washington,DC,zip,ZIP:20002,22358.0
204342,PM3993836,2022,20016,Washington,DC,zip,ZIP:20016,21561.0
204343,PM3993848,2013,20002,Washington,DC,zip,ZIP:20002,22463.0
204345,PM3993848,2014,20002,Washington,DC,zip,ZIP:20002,22411.0
204359,PM3993848,2021,20002,Washington,DC,zip,ZIP:20002,21824.0
211233,100001,2014,60622,Chicago,IL,city,CITY:US170006,22411.0
211234,100001,2015,60622,Chicago,IL,city,CITY:US170006,22391.0
211235,100001,2016,60622,Chicago,IL,city,CITY:US170006,22360.0
211236,100001,2017,60622,Chicago,IL,city,CITY:US170006,22358.0
211238,100001,2019,60622,Chicago,IL,city,CITY:US170006,22136.0
211239,100001,2020,60622,Chicago,IL,city,CITY:US170006,22016.0
211240,100001,2021,60622,Chicago,IL,city,CITY:US170006,21824.0
211241,100001,2022,60622,Chicago,IL,city,CITY:US170006,21561.0
211520,102232,2019,60657,Chicago,IL,state,FIPS:17,22136.0
211521,102232,2020,60657,Chicago,IL,state,FIPS:17,22016.0
211522,102232,2021,60657,Chicago,IL,state,FIPS:17,21824.0
211523,102232,2022,60657,Chicago,IL,state,FIPS:17,21561.0
211524,102238,2016,60614,Chicago,IL,state,FIPS:17,22360.0
211525,102238,2017,60614,Chicago,IL,state,FIPS:17,22358.0
211526,102238,2018,60614,Chicago,IL,state,FIPS:17,22273.0
211661,103036,2016,60202,Evanston,IL,zip,ZIP:60202,22360.0
211662,103036,2017,60202,Evanston,IL,zip,ZIP:60202,22358.0
213243,117167,2019,60625,Chicago,IL,zip,ZIP:60625,22136.0
213244,117167,2020,60625,Chicago,IL,zip,ZIP:60625,22016.0
213245,117167,2021,60625,Chicago,IL,zip,ZIP:60625,21824.0
216793,236913,2015,60613,Chicago,IL,state,FIPS:17,22391.0
220290,0010/001,2012,94109,San Francisco,CA,city,CITY:US060031,22437.0
220291,0010/001,2013,94109,San Francisco,CA,city,CITY:US060031,22463.0
220292,0010/001,2014,94109,San Francisco,CA,city,CITY:US060031,22411.0
220293,0010/001,2015,94109,San Francisco,CA,city,CITY:US060031,22391.0
220294,0010/001,2016,94109,San Francisco,CA,city,CITY:US060031,22360.0
220295,0010/001,2017,94109,San Francisco,CA,city,CITY:US060031,22358.0
220301,0010/001,2023,94109,San Francisco,CA,city,CITY:US060031,21317.0
220334,0018/001,2011,94133,San Francisco,CA,city,CITY:US060031,22310.0
222902,0291/013,2013,94104,San Francisco,CA,county,FIPS:11001,22463.0
222903,0291/013,2014,94104,San Francisco,CA,county,FIPS:11001,22411.0
222904,0291/013,2015,94104,San Francisco,CA,county,FIPS:11001,22391.0
222905,0291/013,2016,94104,San Francisco,CA,county,FIPS:11001,22360.0
222906,0291/013,2017,94104,San Francisco,CA,county,FIPS:11001,22358.0
222907,0291/013,2019,94104,San Francisco,CA,county,FIPS:11001,22136.0
222908,0291/013,2020,94104,San Francisco,CA,county,FIPS:11001,22016.0
222909,0291/013,2021,94104,San Francisco,CA,county,FIPS:11001,21824.0
222910,0291/013,2022,94104,San Francisco,CA,county,FIPS:11001,21561.0
222911,0291/013,2023,94104,San Francisco,CA,county,FIPS:11001,21317.0
222912,0292/001,2011,94104,San Francisco,CA,county,FIPS:11001,22310.0
222913,0292/001,2012,94104,San Francisco,CA,county,FIPS:11001,22437.0
222937,0293/001,2018,94108,San Francisco,CA,county,FIPS:11001,22273.0
223033,0296/001,2012,94102,San Francisco,CA,zip,ZIP:94102,22437.0
223034,0296/001,2013,94102,San Francisco,CA,zip,ZIP:94102,22463.0
223035,0296/001,2015,94102,San Francisco,CA,zip,ZIP:94102,22391.0
223036,0296/001,2016,94102,San Francisco,CA,zip,ZIP:94102,22360.0
223037,0296/001,2017,94102,San Francisco,CA,zip,ZIP:94102,22358.0
223044,0296/008,2014,94102,San Francisco,CA,zip,ZIP:94102,22411.0
224033,0642/001,2016,94109,San Francisco,CA,state,FIPS:06,22360.0
224034,0642/001,2017,94109,San Francisco,CA,state,FIPS:06,22358.0
226087,3707/051,2021,94105,San Francisco,CA,county,FIPS:17031,21824.0
226129,3707/063,2022,94105,San Francisco,CA,county,FIPS:17031,21561.0
226794,3722/069,2020,94105,San Francisco,CA,county,FIPS:17031,22016.0
226797,3722/071,2011,94105,San Francisco,CA,county,FIPS:17031,22310.0
226798,3722/071,2012,94105,San Francisco,CA,county,FIPS:17031,22437.0
226799,3722/071,2013,94105,San Francisco,CA,county,FIPS:17031,22463.0
226830,3722/076,2015,94105,San Francisco,CA,county,FIPS:17031,22391.0
226831,3722/076,2016,94105,San Francisco,CA,county,FIPS:17031,22360.0
226832,3722/080,2014,94103,San Francisco,CA,county,FIPS:17031,22411.0
226835,3722/080,2017,94103,San Francisco,CA,county,FIPS:17031,22358.0
226857,3724/071,2023,94103,San Francisco,CA,county,FIPS:17031,21317.0
229956,002424000,2017,02121,Boston,MA,city,CITY:US250002,22358.0
229957,002424000,2018,02121,Boston,MA,city,CITY:US250002,22273.0
229958,00548100,2015,02128,Boston,MA,city,CITY:US250002,22391.0
229959,00548100,2016,02128,Boston,MA,city,CITY:US250002,22360.0
229962,00548100,2020,02128,Boston,MA,city,CITY:US250002,22016.0
229969,0103613000,2014,02128,Boston,MA,city,CITY:US250002,22411.0
230595,1000001005,2019,02120,Boston,MA,city,CITY:US250002,22136.0
230692,1001390000,2016,02130,Jamaica Plain,MA,zip,ZIP:02130,22360.0
230693,1001390000,2017,02130,Jamaica Plain,MA,zip,ZIP:02130,22358.0
230694,1001390000,2018,02130,Jamaica Plain,MA,zip,ZIP:02130,22273.0
230695,1001480000,2014,02130,Jamaica Plain,MA,zip,ZIP:02130,22411.0
230696,1001480000,2015,02130,Jamaica Plain,MA,zip,ZIP:02130,22391.0
230700,1001480000,2019,02130,Jamaica Plain,MA,zip,ZIP:02130,22136.0
230701,1001480000,2020,02130,Jamaica Plain,MA,zip,ZIP:02130,22016.0
230757,100565,2021,02119,Boston,MA,city,CITY:US250002,21824.0
230758,100565,2022,02119,Boston,MA,city,CITY:US250002,21561.0
232587,3332229,2013,02210,Boston,MA,city,CITY:US250002,22463.0
232764,4019957,2013,02130,Jamaica Plain,MA,zip,ZIP:02130,22463.0
233348,112217100381,2023,90028,Los Angeles,CA,city,CITY:US060013,21317.0
233367,112217100554,2017,90028,Los Angeles,CA,city,CITY:US060013,22358.0
233470,378368909214,2017,91311,Chatsworth,CA,zip,ZIP:91311,22358.0
233476,378368909214,2023,91311,Chatsworth,CA,zip,ZIP:91311,21317.0
233868,393224906041,2017,91342,Sylmar,CA,zip,ZIP:91342,22358.0
233874,393224906041,2023,91342,Sylmar,CA,zip,ZIP:91342,21317.0
234568,420796894370,2023,91405,Van Nuys,CA,state,FIPS:06,21317.0
234867,424236847386,2016,90024,Los Angeles,CA,city,CITY:US060013,22360.0
235352,428751936958,2016,91342,Sylmar,CA,zip,ZIP:91342,22360.0
237809,470383916364,2018,91042,Tujunga,CA,zip,ZIP:91042,22273.0
237810,470383916364,2019,91042,Tujunga,CA,zip,ZIP:91042,22136.0
237814,470383916364,2023,91042,Tujunga,CA,zip,ZIP:91042,21317.0
239024,10361655,2019,19120,Philadelphia,PA,city,CITY:US420015,22136.0
239025,10361655,2020,19120,Philadelphia,PA,city,CITY:US420015,22016.0
239026,10361655,2021,19120,Philadelphia,PA,city,CITY:US420015,21824.0
239089,1182097,2013,19116,Philadelphia,PA,city,CITY:US420015,22463.0
239090,1182097,2014,19116,Philadelphia,PA,city,CITY:US420015,22411.0
239091,1182097,2015,19116,Philadelphia,PA,city,CITY:US420015,22391.0
239092,1182097,2017,19116,Philadelphia,PA,city,CITY:US420015,22358.0
239115,1273633,2016,19124,Philadelphia,PA,city,CITY:US420015,22360.0
239117,1273633,2018,19124,Philadelphia,PA,city,CITY:US420015,22273.0
239875,4970926,2017,19034,Fort Washington,PA,state,FIPS:42,22358.0
239876,4970926,2018,19034,Fort Washington,PA,state,FIPS:42,22273.0
239877,4970926,2019,19034,Fort Washington,PA,state,FIPS:42,22136.0
242131,1000110014,2010,10004,New York,NY,city,CITY:US360019,22192.0
242132,1000110014,2011,10004,New York,NY,city,CITY:US360019,22310.0
242139,1000110014,2019,10004,New York,NY,city,CITY:US360019,22136.0
242140,1000110014,2020,10004,New York,NY,city,CITY:US360019,22016.0
242141,1000110014,2021,10004,New York,NY,city,CITY:US360019,21824.0
242144,1000160210,2013,10282,New York,NY,city,CITY:US360019,22463.0
244451,1012260055,2019,11216,Brooklyn,NY,city,CITY:US360005,22136.0
244452,1012260055,2020,11216,Brooklyn,NY,city,CITY:US360005,22016.0
244453,1012260055,2021,11216,Brooklyn,NY,city,CITY:US360005,21824.0
247545,1021590005,2019,11415,Kew Gardens,NY,state,FIPS:36,22136.0
247688,1021790199,2020,11022,Great Neck,NY,state,FIPS:36,22016.0
247689,1021790199,2021,11022,Great Neck,NY,state,FIPS:36,21824.0
247806,1022150465,2010,10463,Bronx,NY,state,FIPS:36,22192.0
247809,1022150465,2013,10463,Bronx,NY,state,FIPS:36,22463.0
250879,2042910014,2011,11231,Brooklyn,NY,city,CITY:US360005,22310.0
250882,2042910014,2014,11231,Brooklyn,NY,city,CITY:US360005,22411.0
254138,3061030031,2016,11435,Jamaica,NY,county,FIPS:42101,22360.0
254139,3061030031,2017,11435,Jamaica,NY,county,FIPS:42101,22358.0
254140,3061030031,2018,11435,Jamaica,NY,county,FIPS:42101,22273.0
254141,3061030031,2019,11435,Jamaica,NY,county,FIPS:42101,22136.0
254142,3061030031,2020,11435,Jamaica,NY,county,FIPS:42045,22016.0
254143,3061030031,2021,11435,Jamaica,NY,county,FIPS:42101,21824.0
255169,4000190019,2010,11109,Long Island City,NY,county,FIPS:42101,22192.0
255170,4000190019,2011,11109,Long Island City,NY,county,FIPS:42101,22310.0
255171,4000190019,2012,11109,Long Island City,NY,county,FIPS:42101,22437.0
255172,4000190019,2013,11109,Long Island City,NY,county,FIPS:42101,22463.0
255173,4000190019,2014,11109,Long Island City,NY,county,FIPS:42101,22411.0
255174,4000190019,2015,11109,Long Island City,NY,county,FIPS:42101,22391.0
255175,4000190019,2020,11109,Long Island City,NY,county,FIPS:42101,22016.0
255241,4001607501,2014,11104,Sunnyside,NY,county,FIPS:42091,22411.0
255243,4001607501,2018,11104,Sunnyside,NY,county,FIPS:42091,22273.0
255245,4001607501,2020,11104,Sunnyside,NY,county,FIPS:42091,22016.0
255247,4001610033,2011,11104,Sunnyside,NY,county,FIPS:42091,22310.0
255283,4001890019,2010,11104,Sunnyside,NY,county,FIPS:42091,22192.0
255285,4001890019,2012,11104,Sunnyside,NY,county,FIPS:42091,22437.0
255294,4001900025,2010,11104,Sunnyside,NY,county,FIPS:42017,22192.0
255296,4001900025,2014,11104,Sunnyside,NY,county,FIPS:42017,22411.0
255391,4005660001,2017,11106,Astoria,NY,county,FIPS:42091,22358.0
255393,4005660001,2019,11106,Astoria,NY,county,FIPS:42091,22136.0
255395,4005660001,2021,11106,Astoria,NY,county,FIPS:42091,21824.0
255531,4009477501,2017,11370,East Elmhurst,NY,county,FIPS:42017,22358.0
255533,4009477501,2019,11370,East Elmhurst,NY,county,FIPS:42017,22136.0
255535,4009477501,2021,11370,East Elmhurst,NY,county,FIPS:42017,21824.0
255537,4009727501,2013,11370,East Elmhurst,NY,county,FIPS:42017,22463.0
255539,4009727501,2015,11370,East Elmhurst,NY,county,FIPS:42017,22391.0
255590,4011310017,2016,11377,Woodside,NY,county,FIPS:42091,22360.0
257057,4068070002,2019,11367,Flushing,NY,county,FIPS:36061,22136.0
257060,4068090001,2010,11367,Flushing,NY,county,FIPS:36061,22192.0
257061,4068090001,2011,11367,Flushing,NY,county,FIPS:36061,22310.0
257062,4068090001,2013,11367,Flushing,NY,county,FIPS:36061,22463.0
257063,4068090001,2014,11367,Flushing,NY,county,FIPS:36061,22411.0
257064,4068090001,2016,11367,Flushing,NY,county,FIPS:36061,22360.0
257065,4068090001,2018,11367,Flushing,NY,county,FIPS:36061,22273.0
257070,4071170008,2012,11365,Fresh Meadows,NY,county,FIPS:36061,22437.0
257076,4073480001,2015,11364,Oakland Gardens,NY,county,FIPS:36061,22391.0
257091,4076380012,2017,11364,Oakland Gardens,NY,county,FIPS:36061,22358.0
257146,4083590006,2016,11362,Little Neck,NY,county,FIPS:36047,22360.0
257150,4083630001,2013,11362,Little Neck,NY,county,FIPS:36047,22463.0
257152,4083630001,2017,11362,Little Neck,NY,county,FIPS:36047,22358.0
257156,4084420001,2012,11004,Glen Oaks,NY,county,FIPS:36047,22437.0
257158,4084420001,2014,11004,Glen Oaks,NY,county,FIPS:36047,22411.0
257162,4084420001,2018,11004,Glen Oaks,NY,county,FIPS:36047,22273.0
257166,4084460001,2010,11004,Glen Oaks,NY,county,FIPS:36047,22192.0
257170,4084460001,2015,11004,Glen Oaks,NY,county,FIPS:36047,22391.0
257174,4084460001,2019,11004,Glen Oaks,NY,county,FIPS:36047,22136.0
257178,4087430102,2011,11040,New Hyde Park,NY,county,FIPS:36047,22310.0
265588,2032940030,2018,10458,Bronx,NY,county,FIPS:36119,22273.0
265596,2032990021,2010,10458,Bronx,NY,county,FIPS:36119,22192.0
265598,2032990021,2012,10458,Bronx,NY,county,FIPS:36119,22437.0
265600,2032990021,2014,10458,Bronx,NY,county,FIPS:36119,22411.0
265602,2032990021,2016,10458,Bronx,NY,county,FIPS:36119,22360.0
265604,2032990021,2019,10458,Bronx,NY,county,FIPS:36119,22136.0
265606,2032990021,2021,10458,Bronx,NY,county,FIPS:36119,21824.0
266193,2041700001,2017,10461,Bronx,NY,county,FIPS:36119,22358.0
266206,2042210001,2015,10464,Bronx,NY,county,FIPS:36119,22391.0
266222,2042900008,2011,10462,Bronx,NY,county,FIPS:36119,22310.0
266224,2042900008,2013,10462,Bronx,NY,county,FIPS:36119,22463.0
268167,3036030025,2013,10705,Yonkers,NY,city,CITY:US360031,22463.0
268168,3036030025,2014,10705,Yonkers,NY,city,CITY:US360031,22411.0
268169,3036030025,2015,10705,Yonkers,NY,city,CITY:US360031,22391.0
268170,3036030025,2016,10705,Yonkers,NY,city,CITY:US360031,22360.0
268171,3036030025,2017,10705,Yonkers,NY,city,CITY:US360031,22358.0
268172,3036030025,2018,10705,Yonkers,NY,city,CITY:US360031,22273.0
268173,3036030025,2019,10705,Yonkers,NY,city,CITY:US360031,22136.0
268174,3036030025,2020,10705,Yonkers,NY,city,CITY:US360031,22016.0
268175,3036030025,2021,10705,Yonkers,NY,city,CITY:US360031,21824.0
268244,3044860001,2011,11201,Brooklyn,NY,county,FIPS:36081,22310.0
268246,3046120030,2017,10128,New York,NY,county,FIPS:36081,22358.0
268248,3046150011,2018,11212,Brooklyn,NY,county,FIPS:36081,22273.0
268413,3050240001,2012,11225,Brooklyn,NY,county,FIPS:36081,22437.0
268421,3050240026,2019,11225,Brooklyn,NY,county,FIPS:36081,22136.0
270567,4002010001,2013,11104,Sunnyside,NY,county,FIPS:36081,22463.0
270568,4002010001,2014,11104,Sunnyside,NY,county,FIPS:36081,22411.0
270573,4002360066,2010,11101,Long Island City,NY,county,FIPS:36081,22192.0
270578,4002360066,2015,11101,Long Island City,NY,county,FIPS:36081,22391.0
270579,4002360066,2016,11101,Long Island City,NY,county,FIPS:36081,22360.0
272546,4097110032,2017,11435,Jamaica,NY,county,FIPS:36059,22358.0
272548,4097110032,2019,11435,Jamaica,NY,county,FIPS:36059,22136.0
272550,4097110032,2021,11435,Jamaica,NY,county,FIPS:36059,21824.0
272552,4097110075,2012,11435,Jamaica,NY,county,FIPS:36059,22437.0
272554,4097110075,2014,11435,Jamaica,NY,county,FIPS:36059,22411.0
272556,4097110075,2016,11435,Jamaica,NY,county,FIPS:36059,22360.0
272558,4097110075,2018,11435,Jamaica,NY,county,FIPS:36059,22273.0
272560,4097110075,2020,11435,Jamaica,NY,county,FIPS:36059,22016.0
272562,4097120161,2010,11370,East Elmhurst,NY,county,FIPS:36059,22192.0
272588,4097180002,2013,11435,Jamaica,NY,county,FIPS:36059,22463.0
272590,4097180002,2015,11435,Jamaica,NY,county,FIPS:36059,22391.0
272602,4097640082,2011,11432,Jamaica,NY,county,FIPS:36059,22310.0
326439,2028140073,2019,10457,Bronx,NY,county,FIPS:36085,22136.0
326440,2028140073,2020,10457,Bronx,NY,county,FIPS:36085,22016.0
326441,2028140073,2021,10457,Bronx,NY,county,FIPS:36085,21824.0
326442,2028140082,2017,10457,Bronx,NY,county,FIPS:36085,22358.0
326443,2028140082,2018,10457,Bronx,NY,county,FIPS:36085,22273.0
