id,year,zip_code,city,state,request_type,request_id,count,requests,cumulative_sum
100012,2018,78704,Austin,TX,city,CITY:US480005,4862.0,5.0,5.0
100012,2019,78704,Austin,TX,city,CITY:US480005,4714.0,5.0,10.0
291968,2019,78617,Del Valle,TX,county,FIPS:48453,5164.0,6.0,16.0
292568,2018,78617,Del Valle,TX,county,FIPS:48453,5383.0,6.0,22.0
810714,2019,78652,Manchaca,TX,county,FIPS:48209,4111.0,5.0,27.0
874334,2019,78660,Pflugerville,TX,county,FIPS:48491,4120.0,5.0,32.0
100,2011,Unknown,Unknown,AZ,county,FIPS:48453,5211.0,6.0,38.0
11,2011,Unknown,Unknown,AR,county,FIPS:48491,3810.0,4.0,42.0
128,2011,Unknown,Unknown,MI,county,FIPS:48209,2338.0,3.0,45.0
280,2011,Unknown,Unknown,NY,state,FIPS:36,66685.0,67.0,112.0
286,2011,Unknown,Unknown,TX,state,FIPS:48,217959.0,218.0,330.0
287,2011,Unknown,Unknown,VA,state,FIPS:51,50276.0,51.0,381.0
288,2011,Unknown,Unknown,MA,state,FIPS:25,24142.0,25.0,406.0
29,2011,Unknown,Unknown,WI,state,FIPS:55,75174.0,76.0,482.0
292,2011,Unknown,Unknown,MI,state,FIPS:26,78812.0,79.0,561.0
296,2011,Unknown,Unknown,GA,state,FIPS:13,55376.0,56.0,617.0
30,2011,Unknown,Unknown,MN,state,FIPS:27,69307.0,70.0,687.0
31,2011,Unknown,Unknown,LA,state,FIPS:22,37753.0,38.0,725.0
317,2011,Unknown,Unknown,NJ,state,FIPS:34,24349.0,25.0,750.0
319,2011,Unknown,Unknown,DC,state,FIPS:11,624.0,1.0,751.0
32,2011,Unknown,Unknown,FL,state,FIPS:12,78611.0,79.0,830.0
323,2011,Unknown,Unknown,CA,state,FIPS:06,182253.0,183.0,1013.0
324,2011,Unknown,Unknown,IL,state,FIPS:17,83023.0,84.0,1097.0
330,2011,Unknown,Unknown,TN,state,FIPS:47,68114.0,69.0,1166.0
331,2011,Unknown,Unknown,PA,state,FIPS:42,62058.0,63.0,1229.0
332,2011,Unknown,Unknown,WV,state,FIPS:54,31304.0,32.0,1261.0
336,2011,Unknown,Unknown,AL,state,FIPS:01,51232.0,52.0,1313.0
342,2011,Unknown,Unknown,NE,state,FIPS:31,106217.0,107.0,1420.0
352,2011,Unknown,Unknown,NH,state,FIPS:33,21994.0,22.0,1442.0
355,2011,Unknown,Unknown,OR,state,FIPS:41,113877.0,114.0,1556.0
360,2011,Unknown,Unknown,RI,state,FIPS:44,4429.0,5.0,1561.0
361,2011,Unknown,Unknown,NC,state,FIPS:37,80605.0,81.0,1642.0
368,2011,Unknown,Unknown,NV,state,FIPS:32,53554.0,54.0,1696.0
369,2011,Unknown,Unknown,CT,state,FIPS:09,8589.0,9.0,1705.0
371,2011,Unknown,Unknown,MD,state,FIPS:24,20223.0,21.0,1726.0
399,2011,Unknown,Unknown,IN,state,FIPS:18,63817.0,64.0,1790.0
4,2011,Unknown,Unknown,AR,state,FIPS:05,44619.0,45.0,1835.0
408,2011,Unknown,Unknown,DE,state,FIPS:10,3221.0,4.0,1839.0
411,2011,Unknown,Unknown,OH,state,FIPS:39,47070.0,48.0,1887.0
42,2011,Unknown,Unknown,CO,state,FIPS:08,172448.0,173.0,2060.0
430,2011,Unknown,Unknown,MO,state,FIPS:29,75699.0,76.0,2136.0
466,2011,Unknown,Unknown,ID,state,FIPS:16,80371.0,81.0,2217.0
472,2011,Unknown,Unknown,UT,state,FIPS:49,87891.0,88.0,2305.0
499,2011,Unknown,Unknown,AZ,state,FIPS:04,93100.0,94.0,2399.0
538,2011,Unknown,Unknown,WA,state,FIPS:53,87723.0,88.0,2487.0
608,2011,Unknown,Unknown,KY,state,FIPS:21,41125.0,42.0,2529.0
610,2011,Unknown,Unknown,SC,state,FIPS:45,38594.0,39.0,2568.0
636,2011,Unknown,Unknown,KS,state,FIPS:20,87178.0,88.0,2656.0
648,2011,Unknown,Unknown,OK,state,FIPS:40,59762.0,60.0,2716.0
681,2011,Unknown,Unknown,NM,state,FIPS:35,79579.0,80.0,2796.0
94,2011,Unknown,Unknown,ME,state,FIPS:23,33448.0,34.0,2830.0
1280,2015,98134,Seattle,WA,city,CITY:US530018,10263.0,11.0,2841.0
1280,2016,98134,Seattle,WA,city,CITY:US530018,9998.0,10.0,2851.0
1280,2017,98134,Seattle,WA,city,CITY:US530018,10148.0,11.0,2862.0
1280,2018,98134,Seattle,WA,city,CITY:US530018,10144.0,11.0,2873.0
1280,2019,98134,Seattle,WA,city,CITY:US530018,9911.0,10.0,2883.0
1280,2020,98134,Seattle,WA,city,CITY:US530018,11676.0,12.0,2895.0
1280,2021,98134,Seattle,WA,city,CITY:US530018,11995.0,12.0,2907.0
1280,2022,98134,Seattle,WA,city,CITY:US530018,11853.0,12.0,2919.0
100016,2018,60201,Evanston,IL,county,FIPS:53033,9207.0,10.0,2929.0
100016,2019,60201,Evanston,IL,county,FIPS:53033,9001.0,10.0,2939.0
108426,2018,60602,Chicago,IL,city,CITY:US170006,11704.0,12.0,2951.0
109505,2019,60201,Evanston,IL,county,FIPS:17031,6359.0,7.0,2958.0
109653,2018,60201,Evanston,IL,county,FIPS:17031,6825.0,7.0,2965.0
1050,2016,80239,Denver,CO,city,CITY:US080004,24983.0,25.0,2990.0
1050,2017,80239,Denver,CO,city,CITY:US080004,24319.0,25.0,3015.0
1050,2018,80239,Denver,CO,city,CITY:US080004,24241.0,25.0,3040.0
1050,2019,80239,Denver,CO,city,CITY:US080004,23366.0,24.0,3064.0
1050,2020,80239,Denver,CO,city,CITY:US080004,25363.0,26.0,3090.0
1050,2021,80239,Denver,CO,city,CITY:US080004,26758.0,27.0,3117.0
1050,2022,80239,Denver,CO,city,CITY:US080004,26402.0,27.0,3144.0
1991,2016,80120,Littleton,CO,state,FIPS:08,175882.0,176.0,3320.0
1991,2017,80120,Littleton,CO,state,FIPS:08,177881.0,178.0,3498.0
1991,2018,80120,Littleton,CO,state,FIPS:08,181982.0,182.0,3680.0
1991,2019,80120,Littleton,CO,state,FIPS:08,179896.0,180.0,3860.0
1991,2020,80120,Littleton,CO,state,FIPS:08,188419.0,189.0,4049.0
1991,2021,80120,Littleton,CO,state,FIPS:08,190809.0,191.0,4240.0
1991,2022,80120,Littleton,CO,state,FIPS:08,188541.0,189.0,4429.0
5551,2016,80903,Colorado Springs,CO,city,CITY:US080003,5789.0,6.0,4435.0
5551,2017,80903,Colorado Springs,CO,city,CITY:US080003,6235.0,7.0,4442.0
5551,2018,80903,Colorado Springs,CO,city,CITY:US080003,6824.0,7.0,4449.0
5551,2019,80903,Colorado Springs,CO,city,CITY:US080003,6619.0,7.0,4456.0
5551,2020,80903,Colorado Springs,CO,city,CITY:US080003,6903.0,7.0,4463.0
5551,2021,80903,Colorado Springs,CO,city,CITY:US080003,7083.0,8.0,4471.0
5551,2022,80903,Colorado Springs,CO,city,CITY:US080003,6511.0,7.0,4478.0
CB146,2016,Unknown,Boulder,CO,city,CITY:US080001,9069.0,10.0,4488.0
CB146,2017,Unknown,Boulder,CO,city,CITY:US080001,10317.0,11.0,4499.0
CB146,2018,Unknown,Boulder,CO,city,CITY:US080001,11511.0,12.0,4511.0
B1001,2015,Unknown,Cambridge,MA,state,FIPS:25,28382.0,29.0,4540.0
B1001,2016,Unknown,Cambridge,MA,state,FIPS:25,30485.0,31.0,4571.0
B1001,2017,Unknown,Cambridge,MA,state,FIPS:25,33269.0,34.0,4605.0
B1001,2018,Unknown,Cambridge,MA,state,FIPS:25,34135.0,35.0,4640.0
B1001,2019,Unknown,Cambridge,MA,state,FIPS:25,36873.0,37.0,4677.0
B1001,2020,Unknown,Cambridge,MA,state,FIPS:25,39325.0,40.0,4717.0
B1001,2021,Unknown,Cambridge,MA,state,FIPS:25,41626.0,42.0,4759.0
B1001,2022,Unknown,Cambridge,MA,state,FIPS:25,40599.0,41.0,4800.0
00116776+5897884,2020,20852,Rockville,MD,state,FIPS:24,21832.0,22.0,4822.0
00116776+5897884,2021,20852,Rockville,MD,state,FIPS:24,21413.0,22.0,4844.0
00154625+4973425,2023,20850,Rockville,MD,state,FIPS:24,21046.0,22.0,4866.0
00155367C+5722128,2017,20852,Rockville,MD,state,FIPS:24,19730.0,20.0,4886.0
00155367C+5722128,2019,20852,Rockville,MD,state,FIPS:24,20946.0,21.0,4907.0
00335183+5722108,2022,20904,Silver Spring,MD,state,FIPS:24,21054.0,22.0,4929.0
01954224n+5891369,2016,20850,Rockville,MD,state,FIPS:24,19254.0,20.0,4949.0
01954224n+5891369,2018,20850,Rockville,MD,state,FIPS:24,19442.0,20.0,4969.0
1N1E03DB-1200-B2,2017,97217,Portland,OR,city,CITY:US410014,6599.0,7.0,4976.0
1N1E03DB-1200-B2,2018,97217,Portland,OR,city,CITY:US410014,6963.0,7.0,4983.0
1N1E03DB-1200-B2,2019,97217,Portland,OR,city,CITY:US410014,6625.0,7.0,4990.0
1N1E33AA-2500-B1,2016,97209,Portland,OR,city,CITY:US410014,6801.0,7.0,4997.0
19-3634,2019,Unknown,Unknown,WA,state,FIPS:53,88894.0,89.0,5086.0
19-4266,2019,Unknown,Unknown,OR,state,FIPS:41,118555.0,119.0,5205.0
19-6747,2019,Unknown,Unknown,ID,state,FIPS:16,75880.0,76.0,5281.0
19-8212,2019,Unknown,Unknown,MT,state,FIPS:30,114569.0,115.0,5396.0
01-IS-09000,2015,64101,Kansas City,MO,city,CITY:US290008,3088.0,4.0,5400.0
01-IS-09000,2016,64101,Kansas City,MO,city,CITY:US290008,3209.0,4.0,5404.0
01-IS-09000,2017,64101,Kansas City,MO,city,CITY:US290008,3148.0,4.0,5408.0
01-IS-09000,2018,64101,Kansas City,MO,city,CITY:US290008,3008.0,4.0,5412.0
01-IS-09000,2019,64101,Kansas City,MO,city,CITY:US290008,3182.0,4.0,5416.0
01-IS-09000,2020,64101,Kansas City,MO,city,CITY:US290008,3406.0,4.0,5420.0
01-IS-09000,2021,64101,Kansas City,MO,city,CITY:US290008,3502.0,4.0,5424.0
1000160200,2015,10282,New York,NY,city,CITY:US360019,8485.0,9.0,5433.0
1001170001,2016,10038,New York,NY,city,CITY:US360019,9082.0,10.0,5443.0
1002530001,2014,10002,New York,NY,city,CITY:US360019,8419.0,9.0,5452.0
1003330001,2012,10002,New York,NY,city,CITY:US360019,9062.0,10.0,5462.0
1006087501,2018,10011,New York,NY,city,CITY:US360019,9526.0,10.0,5472.0
1006187501,2017,10011,New York,NY,city,CITY:US360019,9678.0,10.0,5482.0
2023780034,2017,10455,Bronx,NY,state,FIPS:36,73507.0,74.0,5556.0
2024430170,2015,10451,Bronx,NY,state,FIPS:36,68417.0,69.0,5625.0
2032260053,2016,10468,Bronx,NY,state,FIPS:36,70960.0,71.0,5696.0
2033280039,2018,10467,Bronx,NY,state,FIPS:36,74029.0,75.0,5771.0
2036230001,2012,10473,Bronx,NY,state,FIPS:36,67090.0,68.0,5839.0
3002170001,2016,11201,Brooklyn,NY,city,CITY:US360005,3274.0,4.0,5843.0
3007060001,2015,11232,Brooklyn,NY,city,CITY:US360005,3209.0,4.0,5847.0
3010987510,2017,11215,Brooklyn,NY,city,CITY:US360005,3374.0,4.0,5851.0
3011880044,2018,11225,Brooklyn,NY,city,CITY:US360005,3414.0,4.0,5855.0
3036330001,2013,11212,Brooklyn,NY,city,CITY:US360005,3366.0,4.0,5859.0
3065530012,2012,11204,Brooklyn,NY,city,CITY:US360005,3571.0,4.0,5863.0
3072750025,2010,11224,Brooklyn,NY,city,CITY:US360005,3433.0,4.0,5867.0
4004157502,2014,11101,Long Island City,NY,state,FIPS:36,66117.0,67.0,5934.0
117002,2023,Unknown,Orlando,FL,city,CITY:US120028,2937.0,3.0,5937.0
10002959,2020,94306,Palo Alto,CA,state,FIPS:06,189939.0,190.0,6127.0
10002959,2021,94306,Palo Alto,CA,state,FIPS:06,188390.0,189.0,6316.0
10002959,2022,94306,Palo Alto,CA,state,FIPS:06,184340.0,185.0,6501.0
10008841,2020,90802,Long Beach,CA,city,CITY:US060012,,,
10008841,2022,90802,Long Beach,CA,city,CITY:US060012,2592.0,3.0,6504.0
10008842,2019,92557,Moreno Valley,CA,state,FIPS:06,187293.0,188.0,6692.0
10016769,2019,94110,San Francisco,CA,city,CITY:US060031,10453.0,11.0,6703.0
10016769,2020,94110,San Francisco,CA,city,CITY:US060031,10528.0,11.0,6714.0
10016769,2021,94110,San Francisco,CA,city,CITY:US060031,10262.0,11.0,6725.0
10016769,2022,94110,San Francisco,CA,city,CITY:US060031,10180.0,11.0,6736.0
10018486,2019,95833,Sacramento,CA,city,CITY:US060027,2001.0,3.0,6739.0
10018486,2020,95833,Sacramento,CA,city,CITY:US060027,2200.0,3.0,6742.0
10018486,2021,95833,Sacramento,CA,city,CITY:US060027,2042.0,3.0,6745.0
10020654,2022,95834,Sacramento,CA,city,CITY:US060027,2403.0,3.0,6748.0
10063361,2019,90027,Los Angeles,CA,city,CITY:US060013,11195.0,12.0,6760.0
10087503,2019,92128,San Diego,CA,city,CITY:US060030,9297.0,10.0,6770.0
10087503,2020,92128,San Diego,CA,city,CITY:US060030,10073.0,11.0,6781.0
10087503,2021,92128,San Diego,CA,city,CITY:US060030,9294.0,10.0,6791.0
10087503,2022,92128,San Diego,CA,city,CITY:US060030,9973.0,10.0,6801.0
10088556,2019,95219,Stockton,CA,city,CITY:US060042,665.0,1.0,6802.0
10088556,2020,95219,Stockton,CA,city,CITY:US060042,676.0,1.0,6803.0
10088556,2021,95219,Stockton,CA,city,CITY:US060042,734.0,1.0,6804.0
10088556,2022,95219,Stockton,CA,city,CITY:US060042,822.0,1.0,6805.0
10147821,2019,95110,San Jose,CA,city,CITY:US060032,8808.0,9.0,6814.0
10147821,2020,95110,San Jose,CA,city,CITY:US060032,8488.0,9.0,6823.0
10147821,2021,95110,San Jose,CA,city,CITY:US060032,8698.0,9.0,6832.0
10147821,2022,95110,San Jose,CA,city,CITY:US060032,8401.0,9.0,6841.0
10149776,2020,90004,Los Angeles,CA,city,CITY:US060013,11440.0,12.0,6853.0
10149776,2021,90004,Los Angeles,CA,city,CITY:US060013,11216.0,12.0,6865.0
10150646,2019,93901,Salinas,CA,city,CITY:US060028,1847.0,2.0,6867.0
10150646,2020,93901,Salinas,CA,city,CITY:US060028,1517.0,2.0,6869.0
10150646,2021,93901,Salinas,CA,city,CITY:US060028,1644.0,2.0,6871.0
10150646,2022,93901,Salinas,CA,city,CITY:US060028,1622.0,2.0,6873.0
10155982,2019,95926,Chico,CA,city,CITY:US060005,739.0,1.0,6874.0
10155982,2020,95926,Chico,CA,city,CITY:US060005,652.0,1.0,6875.0
10155982,2021,95926,Chico,CA,city,CITY:US060005,709.0,1.0,6876.0
10155982,2022,95926,Chico,CA,city,CITY:US060005,492.0,1.0,6877.0
10171911,2022,90015,Los Angeles,CA,city,CITY:US060013,11068.0,12.0,6889.0
10172290,2019,93030,Oxnard,CA,city,CITY:US060020,1423.0,2.0,6891.0
10172290,2020,93030,Oxnard,CA,city,CITY:US060020,1488.0,2.0,6893.0
10172290,2021,93030,Oxnard,CA,city,CITY:US060020,1448.0,2.0,6895.0
10172290,2022,93030,Oxnard,CA,city,CITY:US060020,1423.0,2.0,6897.0
10174574,2019,94589,Vallejo,CA,city,CITY:US060045,2967.0,3.0,6900.0
10174574,2020,94589,Vallejo,CA,city,CITY:US060045,2696.0,3.0,6903.0
10174574,2021,94589,Vallejo,CA,city,CITY:US060045,2585.0,3.0,6906.0
10174574,2022,94589,Vallejo,CA,city,CITY:US060045,2450.0,3.0,6909.0
10174640,2019,92804,Anaheim,CA,city,CITY:US060001,3577.0,4.0,6913.0
10174640,2020,92804,Anaheim,CA,city,CITY:US060001,3762.0,4.0,6917.0
10174640,2021,92804,Anaheim,CA,city,CITY:US060001,3684.0,4.0,6921.0
10174640,2022,92804,Anaheim,CA,city,CITY:US060001,3623.0,4.0,6925.0
10196341,2019,92410,San Bernardino,CA,city,CITY:US060029,1536.0,2.0,6927.0
1035931,2018,94401,San Mateo,CA,state,FIPS:06,193310.0,194.0,7121.0
10493351,2019,92501,Riverside,CA,city,CITY:US060025,2934.0,3.0,7124.0
10495007,2020,94612,Oakland,CA,city,CITY:US060018,4648.0,5.0,7129.0
10495007,2021,94612,Oakland,CA,city,CITY:US060018,4623.0,5.0,7134.0
10495007,2022,94612,Oakland,CA,city,CITY:US060018,4558.0,5.0,7139.0
1070000,2018,90802,Long Beach,CA,city,CITY:US060012,2736.0,3.0,7142.0
1070000,2019,90802,Long Beach,CA,city,CITY:US060012,2736.0,3.0,7145.0
1070000,2021,90802,Long Beach,CA,city,CITY:US060012,2730.0,3.0,7148.0
10782572,2019,94612,Oakland,CA,city,CITY:US060018,4441.0,5.0,7153.0
10825614,2019,92284,Yucca Valley,CA,city,CITY:US060048,2125.0,3.0,7156.0
10827949,2019,92054,Oceanside,CA,city,CITY:US060019,2654.0,3.0,7159.0
10853470,2019,92707,Santa Ana,CA,city,CITY:US060034,3193.0,4.0,7163.0
10853470,2020,92707,Santa Ana,CA,city,CITY:US060034,3376.0,4.0,7167.0
10853470,2021,92707,Santa Ana,CA,city,CITY:US060034,3325.0,4.0,7171.0
10853470,2022,92707,Santa Ana,CA,city,CITY:US060034,3327.0,4.0,7175.0
10864681,2019,93065,Simi Valley,CA,city,CITY:US060040,1530.0,2.0,7177.0
10864681,2020,93065,Simi Valley,CA,city,CITY:US060040,1799.0,2.0,7179.0
10864681,2021,93065,Simi Valley,CA,city,CITY:US060040,2017.0,3.0,7182.0
10864681,2022,93065,Simi Valley,CA,city,CITY:US060040,1989.0,2.0,7184.0
10881611,2019,93960,Soledad,CA,city,CITY:US060041,767.0,1.0,7185.0
10890609,2020,92057,Oceanside,CA,city,CITY:US060019,2957.0,3.0,7188.0
10890609,2021,92057,Oceanside,CA,city,CITY:US060019,2604.0,3.0,7191.0
10890609,2022,92057,Oceanside,CA,city,CITY:US060019,2761.0,3.0,7194.0
11282753,2020,95355,Modesto,CA,city,CITY:US060015,1012.0,2.0,7196.0
11282753,2021,95355,Modesto,CA,city,CITY:US060015,1069.0,2.0,7198.0
11445125,2020,92507,Riverside,CA,city,CITY:US060025,3259.0,4.0,7202.0
11445125,2021,92507,Riverside,CA,city,CITY:US060025,2970.0,3.0,7205.0
11445125,2022,92507,Riverside,CA,city,CITY:US060025,2994.0,3.0,7208.0
11668570,2019,95991,Yuba City,CA,city,CITY:US060047,733.0,1.0,7209.0
11668570,2020,95991,Yuba City,CA,city,CITY:US060047,727.0,1.0,7210.0
11672266,2019,91350,Santa Clarita,CA,city,CITY:US060036,1945.0,2.0,7212.0
11672266,2020,91350,Santa Clarita,CA,city,CITY:US060036,2003.0,3.0,7215.0
11672266,2022,91350,Santa Clarita,CA,city,CITY:US060036,1897.0,2.0,7217.0
11682343,2019,93705,Fresno,CA,city,CITY:US060010,1394.0,2.0,7219.0
11682343,2020,93705,Fresno,CA,city,CITY:US060010,1402.0,2.0,7221.0
11682343,2021,93705,Fresno,CA,city,CITY:US060010,1465.0,2.0,7223.0
11682343,2022,93705,Fresno,CA,city,CITY:US060010,1154.0,2.0,7225.0
11682344,2019,93301,Bakersfield,CA,city,CITY:US060002,1084.0,2.0,7227.0
11682344,2020,93301,Bakersfield,CA,city,CITY:US060002,879.0,1.0,7228.0
11682344,2022,93301,Bakersfield,CA,city,CITY:US060002,830.0,1.0,7229.0
11914506,2020,95060,Santa Cruz,CA,city,CITY:US060037,2201.0,3.0,7232.0
11914506,2021,95060,Santa Cruz,CA,city,CITY:US060037,2391.0,3.0,7235.0
11914506,2022,95060,Santa Cruz,CA,city,CITY:US060037,2205.0,3.0,7238.0
12341046,2020,94559,Napa,CA,city,CITY:US060017,1985.0,2.0,7240.0
12341046,2021,94559,Napa,CA,city,CITY:US060017,2074.0,3.0,7243.0
12341046,2022,94559,Napa,CA,city,CITY:US060017,2058.0,3.0,7246.0
12419947,2019,95482,Ukiah,CA,city,CITY:US060044,1593.0,2.0,7248.0
12419947,2020,95482,Ukiah,CA,city,CITY:US060044,1686.0,2.0,7250.0
12419947,2021,95482,Ukiah,CA,city,CITY:US060044,1671.0,2.0,7252.0
12419947,2022,95482,Ukiah,CA,city,CITY:US060044,1694.0,2.0,7254.0
12420108,2019,96080,Red Bluff,CA,city,CITY:US060022,1046.0,2.0,7256.0
12420108,2020,96080,Red Bluff,CA,city,CITY:US060022,1038.0,2.0,7258.0
12420108,2021,96080,Red Bluff,CA,city,CITY:US060022,988.0,1.0,7259.0
12420108,2022,96080,Red Bluff,CA,city,CITY:US060022,920.0,1.0,7260.0
12420114,2021,95993,Yuba City,CA,city,CITY:US060047,758.0,1.0,7261.0
12420114,2022,95993,Yuba City,CA,city,CITY:US060047,734.0,1.0,7262.0
12421956,2021,93309,Bakersfield,CA,city,CITY:US060002,918.0,1.0,7263.0
12426043,2020,92407,San Bernardino,CA,city,CITY:US060029,1598.0,2.0,7265.0
12426043,2021,92407,San Bernardino,CA,city,CITY:US060029,1646.0,2.0,7267.0
12426043,2022,92407,San Bernardino,CA,city,CITY:US060029,1486.0,2.0,7269.0
1276451,2022,95503,Eureka,CA,city,CITY:US060009,2438.0,3.0,7272.0
13315,2018,90049,Los Angeles,CA,city,CITY:US060013,11178.0,12.0,7284.0
13512816,2019,95356,Modesto,CA,city,CITY:US060015,950.0,1.0,7285.0
13512816,2022,95356,Modesto,CA,city,CITY:US060015,1020.0,2.0,7287.0
1396117,2018,94111,San Francisco,CA,city,CITY:US060031,11028.0,12.0,7299.0
14718119,2020,93560,Rosamond,CA,city,CITY:US060026,703.0,1.0,7300.0
14718119,2021,93560,Rosamond,CA,city,CITY:US060026,640.0,1.0,7301.0
14718119,2022,93560,Rosamond,CA,city,CITY:US060026,611.0,1.0,7302.0
15101108,2020,93455,Santa Maria,CA,city,CITY:US060038,983.0,1.0,7303.0
15101108,2022,93455,Santa Maria,CA,city,CITY:US060038,1049.0,2.0,7305.0
15202767,2020,91411,Van Nuys,CA,county,FIPS:24031,2924.0,3.0,7308.0
15202767,2021,91411,Van Nuys,CA,county,FIPS:24031,2915.0,3.0,7311.0
15202767,2022,91411,Van Nuys,CA,county,FIPS:24031,2947.0,3.0,7314.0
15202823,2021,92346,Highland,CA,county,FIPS:24033,1082.0,2.0,7316.0
15358882,2021,91601,North Hollywood,CA,county,FIPS:24021,1189.0,2.0,7318.0
15659002,2020,90302,Inglewood,CA,county,FIPS:24033,1416.0,2.0,7320.0
15659002,2022,90302,Inglewood,CA,county,FIPS:24033,837.0,1.0,7321.0
15659045,2021,91706,Baldwin Park,CA,county,FIPS:41051,4134.0,5.0,7326.0
15659045,2022,91706,Baldwin Park,CA,county,FIPS:41051,4131.0,5.0,7331.0
15659057,2020,90601,Whittier,CA,county,FIPS:41051,3743.0,4.0,7335.0
15733756,2022,91902,Bonita,CA,county,FIPS:41005,7012.0,8.0,7343.0
15734886,2021,91401,Van Nuys,CA,county,FIPS:41005,6926.0,7.0,7350.0
15736178,2020,91303,Canoga Park,CA,county,FIPS:41005,6503.0,7.0,7357.0
15736644,2021,91423,Sherman Oaks,CA,county,FIPS:41067,3878.0,4.0,7361.0
15744994,2020,92311,Barstow,CA,city,CITY:US060003,757.0,1.0,7362.0
15744994,2022,92311,Barstow,CA,city,CITY:US060003,767.0,1.0,7363.0
15835918,2020,95409,Santa Rosa,CA,city,CITY:US060039,3848.0,4.0,7367.0
15835918,2021,95409,Santa Rosa,CA,city,CITY:US060039,3834.0,4.0,7371.0
15935979,2020,95628,Fair Oaks,CA,county,FIPS:29095,1753.0,2.0,7373.0
15935979,2021,95628,Fair Oaks,CA,county,FIPS:29095,1574.0,2.0,7375.0
15935979,2022,95628,Fair Oaks,CA,county,FIPS:29095,1555.0,2.0,7377.0
16005935,2020,94043,Mountain View,CA,county,FIPS:36047,143.0,1.0,7378.0
16005935,2021,94043,Mountain View,CA,county,FIPS:36061,561.0,1.0,7379.0
16005935,2022,94043,Mountain View,CA,county,FIPS:36047,159.0,1.0,7380.0
16031570,2022,90745,Carson,CA,county,FIPS:36061,837.0,1.0,7381.0
16047764,2020,94588,Pleasanton,CA,county,FIPS:36061,529.0,1.0,7382.0
16052515,2020,90623,La Palma,CA,county,FIPS:36119,1309.0,2.0,7384.0
16052520,2021,90631,La Habra,CA,county,FIPS:36047,130.0,1.0,7385.0
16055452,2020,93535,Lancaster,CA,county,FIPS:36081,1234.0,2.0,7387.0
16055452,2021,93535,Lancaster,CA,county,FIPS:36081,1225.0,2.0,7389.0
16055452,2022,93535,Lancaster,CA,county,FIPS:36081,1206.0,2.0,7391.0
16087567,2020,93940,Monterey,CA,city,CITY:US060016,1464.0,2.0,7393.0
16087567,2021,93940,Monterey,CA,city,CITY:US060016,1692.0,2.0,7395.0
16087567,2022,93940,Monterey,CA,city,CITY:US060016,1642.0,2.0,7397.0
16089232,2020,95341,Merced,CA,city,CITY:US060014,763.0,1.0,7398.0
16089232,2021,95341,Merced,CA,city,CITY:US060014,784.0,1.0,7399.0
16089232,2022,95341,Merced,CA,city,CITY:US060014,548.0,1.0,7400.0
16103498,2020,92262,Palm Springs,CA,city,CITY:US060021,1208.0,2.0,7402.0
17366669,2020,92243,El Centro,CA,city,CITY:US060008,1134.0,2.0,7404.0
17366669,2021,92243,El Centro,CA,city,CITY:US060008,1312.0,2.0,7406.0
17384839,2022,95403,Santa Rosa,CA,city,CITY:US060039,3780.0,4.0,7410.0
20998970,2021,92264,Palm Springs,CA,city,CITY:US060021,1119.0,2.0,7412.0
20998970,2022,92264,Palm Springs,CA,city,CITY:US060021,1217.0,2.0,7414.0
2551300,2018,95119,San Jose,CA,city,CITY:US060032,9267.0,10.0,7424.0
3163241,2019,95403,Santa Rosa,CA,city,CITY:US060039,3575.0,4.0,7428.0
3301119,2018,92121,San Diego,CA,city,CITY:US060030,10490.0,11.0,7439.0
3928733,2022,93405,San Luis Obispo,CA,city,CITY:US060033,1014.0,2.0,7441.0
4274919,2019,95060,Santa Cruz,CA,city,CITY:US060037,2263.0,3.0,7444.0
4458697,2019,93101,Santa Barbara,CA,city,CITY:US060035,1504.0,2.0,7446.0
4458697,2020,93101,Santa Barbara,CA,city,CITY:US060035,1490.0,2.0,7448.0
4458697,2021,93101,Santa Barbara,CA,city,CITY:US060035,1537.0,2.0,7450.0
4458697,2022,93101,Santa Barbara,CA,city,CITY:US060035,1605.0,2.0,7452.0
4498918,2019,93458,Santa Maria,CA,city,CITY:US060038,999.0,1.0,7453.0
5858733,2019,94558,Napa,CA,city,CITY:US060017,2024.0,3.0,7456.0
6322806,2018,92703,Santa Ana,CA,city,CITY:US060034,3202.0,4.0,7460.0
6346306,2019,93277,Visalia,CA,city,CITY:US060046,768.0,1.0,7461.0
6376983,2018,93030,Oxnard,CA,city,CITY:US060020,1416.0,2.0,7463.0
6390606,2019,92264,Palm Springs,CA,city,CITY:US060021,1194.0,2.0,7465.0
6552930,2021,91350,Santa Clarita,CA,city,CITY:US060036,1966.0,2.0,7467.0
6789204,2019,95945,Grass Valley,CA,city,CITY:US060011,2821.0,3.0,7470.0
6810703,2019,92243,El Centro,CA,city,CITY:US060008,1194.0,2.0,7472.0
6811943,2019,93405,San Luis Obispo,CA,city,CITY:US060033,965.0,1.0,7473.0
6811943,2020,93405,San Luis Obispo,CA,city,CITY:US060033,1014.0,2.0,7475.0
6832897,2019,93210,Coalinga,CA,city,CITY:US060007,20.0,1.0,7476.0
6832897,2020,93210,Coalinga,CA,city,CITY:US060007,,,
6832897,2021,93210,Coalinga,CA,city,CITY:US060007,,,
6832897,2022,93210,Coalinga,CA,city,CITY:US060007,,,
6833290,2019,95340,Merced,CA,city,CITY:US060014,738.0,1.0,7477.0
6833377,2020,95945,Grass Valley,CA,city,CITY:US060011,2794.0,3.0,7480.0
6833377,2021,95945,Grass Valley,CA,city,CITY:US060011,2958.0,3.0,7483.0
6833377,2022,95945,Grass Valley,CA,city,CITY:US060011,2901.0,3.0,7486.0
6837387,2020,93960,Soledad,CA,city,CITY:US060041,773.0,1.0,7487.0
6837387,2021,93960,Soledad,CA,city,CITY:US060041,674.0,1.0,7488.0
6837387,2022,93960,Soledad,CA,city,CITY:US060041,669.0,1.0,7489.0
6842238,2019,93560,Rosamond,CA,city,CITY:US060026,685.0,1.0,7490.0
6865584,2019,93940,Monterey,CA,city,CITY:US060016,1753.0,2.0,7492.0
6868904,2021,93458,Santa Maria,CA,city,CITY:US060038,983.0,1.0,7493.0
6877455,2021,93401,San Luis Obispo,CA,city,CITY:US060033,953.0,1.0,7494.0
6879689,2022,92243,El Centro,CA,city,CITY:US060008,1095.0,2.0,7496.0
7171255,2019,93555,Ridgecrest,CA,city,CITY:US060024,450.0,1.0,7497.0
7171255,2020,93555,Ridgecrest,CA,city,CITY:US060024,463.0,1.0,7498.0
7171255,2021,93555,Ridgecrest,CA,city,CITY:US060024,546.0,1.0,7499.0
7171255,2022,93555,Ridgecrest,CA,city,CITY:US060024,480.0,1.0,7500.0
127771,2010,32607,Gainesville,FL,city,CITY:US120015,1148.0,2.0,7502.0
127771,2011,32607,Gainesville,FL,city,CITY:US120015,1315.0,2.0,7504.0
127771,2012,32607,Gainesville,FL,city,CITY:US120015,1378.0,2.0,7506.0
127771,2013,32607,Gainesville,FL,city,CITY:US120015,1606.0,2.0,7508.0
127775,2014,32605,Gainesville,FL,city,CITY:US120015,1465.0,2.0,7510.0
127775,2015,32605,Gainesville,FL,city,CITY:US120015,1175.0,2.0,7512.0
128401,2012,32615,Alachua,FL,state,FIPS:12,77958.0,78.0,7590.0
128401,2013,32615,Alachua,FL,state,FIPS:12,76509.0,77.0,7667.0
128401,2014,32615,Alachua,FL,state,FIPS:12,78144.0,79.0,7746.0
128401,2015,32615,Alachua,FL,state,FIPS:12,75479.0,76.0,7822.0
128418,2010,32615,Alachua,FL,state,FIPS:12,84069.0,85.0,7907.0
128782,2011,32615,Alachua,FL,county,FIPS:12001,1340.0,2.0,7909.0
128782,2012,32615,Alachua,FL,county,FIPS:12001,1378.0,2.0,7911.0
128782,2013,32615,Alachua,FL,county,FIPS:12001,1581.0,2.0,7913.0
128782,2014,32615,Alachua,FL,county,FIPS:12001,1433.0,2.0,7915.0
128782,2015,32615,Alachua,FL,county,FIPS:12001,1126.0,2.0,7917.0
129068,2010,32615,Alachua,FL,county,FIPS:12001,1127.0,2.0,7919.0
129497,2011,32669,Newberry,FL,county,FIPS:12007,246.0,1.0,7920.0
129497,2015,32669,Newberry,FL,county,FIPS:12007,337.0,1.0,7921.0
129498,2012,32669,Newberry,FL,county,FIPS:12007,270.0,1.0,7922.0
129816,2015,32615,Alachua,FL,county,FIPS:12041,,,
129817,2011,32615,Alachua,FL,county,FIPS:12075,754.0,1.0,7923.0
129817,2013,32615,Alachua,FL,county,FIPS:12041,367.0,1.0,7924.0
129817,2014,32615,Alachua,FL,county,FIPS:12075,766.0,1.0,7925.0
129818,2011,32615,Alachua,FL,county,FIPS:12041,332.0,1.0,7926.0
129818,2012,32615,Alachua,FL,county,FIPS:12075,724.0,1.0,7927.0
129818,2014,32615,Alachua,FL,county,FIPS:12041,404.0,1.0,7928.0
129818,2015,32615,Alachua,FL,county,FIPS:12075,685.0,1.0,7929.0
130093,2014,32615,Alachua,FL,county,FIPS:12007,298.0,1.0,7930.0
130094,2013,32615,Alachua,FL,county,FIPS:12007,330.0,1.0,7931.0
131418,2012,32669,Newberry,FL,county,FIPS:12041,437.0,1.0,7932.0
131418,2013,32669,Newberry,FL,county,FIPS:12075,708.0,1.0,7933.0
133904,2010,32618,Archer,FL,county,FIPS:12007,348.0,1.0,7934.0
143856,2010,32618,Archer,FL,county,FIPS:12075,780.0,1.0,7935.0
PM10179953,2018,20016,Washington,DC,city,CITY:US000001,10902.0,11.0,7946.0
PM10179953,2018,20016,Washington,DC,city,CITY:US290023,911.0,1.0,7947.0
PM10179953,2019,20016,Washington,DC,city,CITY:US000001,11653.0,12.0,7959.0
PM10179953,2019,20016,Washington,DC,city,CITY:US290023,792.0,1.0,7960.0
PM10179953,2020,20016,Washington,DC,city,CITY:US000001,12795.0,13.0,7973.0
PM10179953,2020,20016,Washington,DC,city,CITY:US290023,788.0,1.0,7974.0
PM10179953,2021,20016,Washington,DC,city,CITY:US000001,12837.0,13.0,7987.0
PM10179953,2021,20016,Washington,DC,city,CITY:US290023,689.0,1.0,7988.0
PM10179953,2022,20016,Washington,DC,city,CITY:US000001,12360.0,13.0,8001.0
PM10179953,2022,20016,Washington,DC,city,CITY:US290023,582.0,1.0,8002.0
PM1419778,2012,20037,Washington,DC,city,CITY:US000001,10482.0,11.0,8013.0
PM1419778,2012,20037,Washington,DC,city,CITY:US290023,932.0,1.0,8014.0
PM1419778,2013,20037,Washington,DC,city,CITY:US000001,10740.0,11.0,8025.0
PM1419778,2013,20037,Washington,DC,city,CITY:US290023,769.0,1.0,8026.0
PM1419778,2014,20037,Washington,DC,city,CITY:US000001,10434.0,11.0,8037.0
PM1419778,2014,20037,Washington,DC,city,CITY:US290023,775.0,1.0,8038.0
PM1419812,2011,20052,Washington,DC,city,CITY:US000001,10259.0,11.0,8049.0
PM1419812,2011,20052,Washington,DC,city,CITY:US290023,850.0,1.0,8050.0
PM1419812,2015,20052,Washington,DC,city,CITY:US000001,10451.0,11.0,8061.0
PM1419812,2015,20052,Washington,DC,city,CITY:US290023,723.0,1.0,8062.0
PM1419812,2016,20052,Washington,DC,city,CITY:US000001,10535.0,11.0,8073.0
PM1419812,2016,20052,Washington,DC,city,CITY:US290023,728.0,1.0,8074.0
PM1419812,2017,20052,Washington,DC,city,CITY:US000001,10963.0,11.0,8085.0
PM1419812,2017,20052,Washington,DC,city,CITY:US290023,820.0,1.0,8086.0
PM2381169,2010,20037,Washington,DC,city,CITY:US000001,10913.0,11.0,8097.0
PM2381169,2010,20037,Washington,DC,city,CITY:US290023,891.0,1.0,8098.0
100001,2014,60622,Chicago,IL,city,CITY:US170006,11328.0,12.0,8110.0
100001,2015,60622,Chicago,IL,city,CITY:US170006,10506.0,11.0,8121.0
100001,2016,60622,Chicago,IL,city,CITY:US170006,10792.0,11.0,8132.0
100001,2017,60622,Chicago,IL,city,CITY:US170006,11413.0,12.0,8144.0
100001,2019,60622,Chicago,IL,city,CITY:US170006,11656.0,12.0,8156.0
100001,2020,60622,Chicago,IL,city,CITY:US170006,12901.0,13.0,8169.0
100001,2021,60622,Chicago,IL,city,CITY:US170006,13424.0,14.0,8183.0
100001,2022,60622,Chicago,IL,city,CITY:US170006,12699.0,13.0,8196.0
103036,2016,60202,Evanston,IL,state,FIPS:17,81765.0,82.0,8278.0
103036,2017,60202,Evanston,IL,state,FIPS:17,85307.0,86.0,8364.0
159302,2018,60707,Elmwood Park,IL,state,FIPS:17,84580.0,85.0,8449.0
159302,2019,60707,Elmwood Park,IL,state,FIPS:17,84281.0,85.0,8534.0
159302,2020,60707,Elmwood Park,IL,state,FIPS:17,90707.0,91.0,8625.0
159302,2021,60707,Elmwood Park,IL,state,FIPS:17,94124.0,95.0,8720.0
159302,2022,60707,Elmwood Park,IL,state,FIPS:17,92883.0,93.0,8813.0
0010/001,2012,94109,San Francisco,CA,city,CITY:US060031,10779.0,11.0,8824.0
0010/001,2013,94109,San Francisco,CA,city,CITY:US060031,11426.0,12.0,8836.0
0010/001,2014,94109,San Francisco,CA,city,CITY:US060031,11520.0,12.0,8848.0
0010/001,2015,94109,San Francisco,CA,city,CITY:US060031,12365.0,13.0,8861.0
0010/001,2016,94109,San Francisco,CA,city,CITY:US060031,11543.0,12.0,8873.0
0010/001,2017,94109,San Francisco,CA,city,CITY:US060031,11354.0,12.0,8885.0
0010/001,2023,94109,San Francisco,CA,city,CITY:US060031,10480.0,11.0,8896.0
0018/001,2011,94133,San Francisco,CA,city,CITY:US060031,10195.0,11.0,8907.0
002424000,2017,02121,Boston,MA,city,CITY:US250002,13306.0,14.0,8921.0
002424000,2018,02121,Boston,MA,city,CITY:US250002,13942.0,14.0,8935.0
00548100,2015,02128,Boston,MA,city,CITY:US250002,11187.0,12.0,8947.0
00548100,2016,02128,Boston,MA,city,CITY:US250002,11883.0,12.0,8959.0
00548100,2020,02128,Boston,MA,city,CITY:US250002,15286.0,16.0,8975.0
0103613000,2014,02128,Boston,MA,city,CITY:US250002,10658.0,11.0,8986.0
01829000,2014,02135,Brighton,MA,county,FIPS:17031,6447.0,7.0,8993.0
01829000,2020,02135,Brighton,MA,county,FIPS:17031,6727.0,7.0,9000.0
0202315000,2015,02129,Charlestown,MA,county,FIPS:17031,6113.0,7.0,9007.0
0202315000,2016,02129,Charlestown,MA,county,FIPS:17031,6052.0,7.0,9014.0
02469000,2017,02135,Brighton,MA,county,FIPS:17031,6605.0,7.0,9021.0
1000001005,2019,02120,Boston,MA,city,CITY:US250002,14760.0,15.0,9036.0
100565,2021,02119,Boston,MA,city,CITY:US250002,16169.0,17.0,9053.0
100565,2022,02119,Boston,MA,city,CITY:US250002,16161.0,17.0,9070.0
100683,2021,02136,Hyde Park,MA,county,FIPS:17031,7049.0,8.0,9078.0
100683,2022,02136,Hyde Park,MA,county,FIPS:17031,6747.0,7.0,9085.0
3332229,2013,02210,Boston,MA,city,CITY:US250002,10778.0,11.0,9096.0
4019957,2013,02130,Jamaica Plain,MA,county,FIPS:17031,6519.0,7.0,9103.0
112217100381,2023,90028,Los Angeles,CA,city,CITY:US060013,10997.0,11.0,9114.0
112217100395,2023,91423,Sherman Oaks,CA,county,FIPS:17031,6259.0,7.0,9121.0
112217100554,2017,90028,Los Angeles,CA,city,CITY:US060013,10965.0,11.0,9132.0
420796894370,2023,91405,Van Nuys,CA,state,FIPS:06,186580.0,187.0,9319.0
420941897831,2017,91405,Van Nuys,CA,state,FIPS:06,195208.0,196.0,9515.0
424236847386,2016,90024,Los Angeles,CA,city,CITY:US060013,11347.0,12.0,9527.0
428751936958,2016,91342,Sylmar,CA,state,FIPS:06,198276.0,199.0,9726.0
10361655,2019,19120,Philadelphia,PA,city,CITY:US420015,11729.0,12.0,9738.0
10361655,2020,19120,Philadelphia,PA,city,CITY:US420015,12152.0,13.0,9751.0
10361655,2021,19120,Philadelphia,PA,city,CITY:US420015,12696.0,13.0,9764.0
1182097,2013,19116,Philadelphia,PA,city,CITY:US420015,11249.0,12.0,9776.0
1182097,2014,19116,Philadelphia,PA,city,CITY:US420015,11090.0,12.0,9788.0
1182097,2015,19116,Philadelphia,PA,city,CITY:US420015,11550.0,12.0,9800.0
1182097,2017,19116,Philadelphia,PA,city,CITY:US420015,12521.0,13.0,9813.0
1273633,2016,19124,Philadelphia,PA,city,CITY:US420015,12113.0,13.0,9826.0
1273633,2018,19124,Philadelphia,PA,city,CITY:US420015,11766.0,12.0,9838.0
4970926,2017,19034,Fort Washington,PA,state,FIPS:42,68426.0,69.0,9907.0
4970926,2018,19034,Fort Washington,PA,state,FIPS:42,65880.0,66.0,9973.0
4970926,2019,19034,Fort Washington,PA,state,FIPS:42,66014.0,67.0,10040.0
1000110014,2010,10004,New York,NY,city,CITY:US360019,9084.0,10.0,10050.0
1000110014,2011,10004,New York,NY,city,CITY:US360019,8528.0,9.0,10059.0
1000110014,2019,10004,New York,NY,city,CITY:US360019,10498.0,11.0,10070.0
1000110014,2020,10004,New York,NY,city,CITY:US360019,11016.0,12.0,10082.0
1000110014,2021,10004,New York,NY,city,CITY:US360019,10982.0,11.0,10093.0
1000160210,2013,10282,New York,NY,city,CITY:US360019,8887.0,9.0,10102.0
1012260055,2019,11216,Brooklyn,NY,city,CITY:US360005,3549.0,4.0,10106.0
1012260055,2020,11216,Brooklyn,NY,city,CITY:US360005,3639.0,4.0,10110.0
1012260055,2021,11216,Brooklyn,NY,city,CITY:US360005,3722.0,4.0,10114.0
1021590005,2019,11415,Kew Gardens,NY,state,FIPS:36,75495.0,76.0,10190.0
1021790199,2020,11022,Great Neck,NY,state,FIPS:36,78202.0,79.0,10269.0
1021790199,2021,11022,Great Neck,NY,state,FIPS:36,79707.0,80.0,10349.0
1022150465,2010,10463,Bronx,NY,state,FIPS:36,69068.0,70.0,10419.0
1022150465,2013,10463,Bronx,NY,state,FIPS:36,66171.0,67.0,10486.0
2042910014,2011,11231,Brooklyn,NY,city,CITY:US360005,3242.0,4.0,10490.0
2042910014,2014,11231,Brooklyn,NY,city,CITY:US360005,3216.0,4.0,10494.0
3061030031,2016,11435,Jamaica,NY,county,FIPS:42101,1414.0,2.0,10496.0
3061030031,2017,11435,Jamaica,NY,county,FIPS:42101,1397.0,2.0,10498.0
3061030031,2018,11435,Jamaica,NY,county,FIPS:42101,1453.0,2.0,10500.0
3061030031,2019,11435,Jamaica,NY,county,FIPS:42101,1556.0,2.0,10502.0
3061030031,2020,11435,Jamaica,NY,county,FIPS:42045,759.0,1.0,10503.0
3061030031,2021,11435,Jamaica,NY,county,FIPS:42101,1538.0,2.0,10505.0
4000190019,2010,11109,Long Island City,NY,county,FIPS:42101,1451.0,2.0,10507.0
4000190019,2011,11109,Long Island City,NY,county,FIPS:42101,1476.0,2.0,10509.0
4000190019,2012,11109,Long Island City,NY,county,FIPS:42101,1479.0,2.0,10511.0
4000190019,2013,11109,Long Island City,NY,county,FIPS:42101,1465.0,2.0,10513.0
4000190019,2014,11109,Long Island City,NY,county,FIPS:42101,1409.0,2.0,10515.0
4000190019,2015,11109,Long Island City,NY,county,FIPS:42101,1416.0,2.0,10517.0
4000190019,2020,11109,Long Island City,NY,county,FIPS:42101,1435.0,2.0,10519.0
4001607501,2014,11104,Sunnyside,NY,county,FIPS:42091,2605.0,3.0,10522.0
4001607501,2018,11104,Sunnyside,NY,county,FIPS:42091,2843.0,3.0,10525.0
4001607501,2020,11104,Sunnyside,NY,county,FIPS:42091,3045.0,4.0,10529.0
4001610033,2011,11104,Sunnyside,NY,county,FIPS:42091,2072.0,3.0,10532.0
4001890019,2010,11104,Sunnyside,NY,county,FIPS:42091,2341.0,3.0,10535.0
4001890019,2012,11104,Sunnyside,NY,county,FIPS:42091,2382.0,3.0,10538.0
4001900025,2010,11104,Sunnyside,NY,county,FIPS:42017,2151.0,3.0,10541.0
4001900025,2014,11104,Sunnyside,NY,county,FIPS:42017,1883.0,2.0,10543.0
4005660001,2017,11106,Astoria,NY,county,FIPS:42091,3104.0,4.0,10547.0
4005660001,2019,11106,Astoria,NY,county,FIPS:42091,2889.0,3.0,10550.0
4005660001,2021,11106,Astoria,NY,county,FIPS:42091,3269.0,4.0,10554.0
4009477501,2017,11370,East Elmhurst,NY,county,FIPS:42017,2158.0,3.0,10557.0
4009477501,2019,11370,East Elmhurst,NY,county,FIPS:42017,2155.0,3.0,10560.0
4009477501,2021,11370,East Elmhurst,NY,county,FIPS:42017,2590.0,3.0,10563.0
4009727501,2013,11370,East Elmhurst,NY,county,FIPS:42017,1983.0,2.0,10565.0
4009727501,2015,11370,East Elmhurst,NY,county,FIPS:42017,1946.0,2.0,10567.0
4011310017,2016,11377,Woodside,NY,county,FIPS:42091,3117.0,4.0,10571.0
4068070002,2019,11367,Flushing,NY,county,FIPS:36061,543.0,1.0,10572.0
4068090001,2010,11367,Flushing,NY,county,FIPS:36061,512.0,1.0,10573.0
4068090001,2011,11367,Flushing,NY,county,FIPS:36061,512.0,1.0,10574.0
4068090001,2013,11367,Flushing,NY,county,FIPS:36061,500.0,1.0,10575.0
4068090001,2014,11367,Flushing,NY,county,FIPS:36061,499.0,1.0,10576.0
4068090001,2016,11367,Flushing,NY,county,FIPS:36061,490.0,1.0,10577.0
4068090001,2018,11367,Flushing,NY,county,FIPS:36061,522.0,1.0,10578.0
4071170008,2012,11365,Fresh Meadows,NY,county,FIPS:36061,503.0,1.0,10579.0
4073480001,2015,11364,Oakland Gardens,NY,county,FIPS:36061,501.0,1.0,10580.0
4076380012,2017,11364,Oakland Gardens,NY,county,FIPS:36061,513.0,1.0,10581.0
4083590006,2016,11362,Little Neck,NY,county,FIPS:36047,9.0,1.0,10582.0
4083630001,2013,11362,Little Neck,NY,county,FIPS:36047,123.0,1.0,10583.0
4083630001,2017,11362,Little Neck,NY,county,FIPS:36047,9.0,1.0,10584.0
4084420001,2012,11004,Glen Oaks,NY,county,FIPS:36047,353.0,1.0,10585.0
4084420001,2014,11004,Glen Oaks,NY,county,FIPS:36047,17.0,1.0,10586.0
4084420001,2018,11004,Glen Oaks,NY,county,FIPS:36047,10.0,1.0,10587.0
4084460001,2010,11004,Glen Oaks,NY,county,FIPS:36047,360.0,1.0,10588.0
4084460001,2015,11004,Glen Oaks,NY,county,FIPS:36047,7.0,1.0,10589.0
4084460001,2019,11004,Glen Oaks,NY,county,FIPS:36047,84.0,1.0,10590.0
4087430102,2011,11040,New Hyde Park,NY,county,FIPS:36047,289.0,1.0,10591.0
2032940030,2018,10458,Bronx,NY,county,FIPS:36119,1139.0,2.0,10593.0
2032990021,2010,10458,Bronx,NY,county,FIPS:36119,1207.0,2.0,10595.0
2032990021,2012,10458,Bronx,NY,county,FIPS:36119,994.0,1.0,10596.0
2032990021,2014,10458,Bronx,NY,county,FIPS:36119,899.0,1.0,10597.0
2032990021,2016,10458,Bronx,NY,county,FIPS:36119,1059.0,2.0,10599.0
2032990021,2019,10458,Bronx,NY,county,FIPS:36119,1271.0,2.0,10601.0
2032990021,2021,10458,Bronx,NY,county,FIPS:36119,1441.0,2.0,10603.0
2041700001,2017,10461,Bronx,NY,county,FIPS:36119,1037.0,2.0,10605.0
2042210001,2015,10464,Bronx,NY,county,FIPS:36119,1001.0,2.0,10607.0
2042900008,2011,10462,Bronx,NY,county,FIPS:36119,973.0,1.0,10608.0
2042900008,2013,10462,Bronx,NY,county,FIPS:36119,955.0,1.0,10609.0
3036030025,2013,10705,Yonkers,NY,city,CITY:US360031,3119.0,4.0,10613.0
3036030025,2014,10705,Yonkers,NY,city,CITY:US360031,3009.0,4.0,10617.0
3036030025,2015,10705,Yonkers,NY,city,CITY:US360031,2881.0,3.0,10620.0
3036030025,2016,10705,Yonkers,NY,city,CITY:US360031,3115.0,4.0,10624.0
3036030025,2017,10705,Yonkers,NY,city,CITY:US360031,2961.0,3.0,10627.0
3036030025,2018,10705,Yonkers,NY,city,CITY:US360031,3077.0,4.0,10631.0
3036030025,2019,10705,Yonkers,NY,city,CITY:US360031,3121.0,4.0,10635.0
3036030025,2020,10705,Yonkers,NY,city,CITY:US360031,3026.0,4.0,10639.0
3036030025,2021,10705,Yonkers,NY,city,CITY:US360031,3210.0,4.0,10643.0
4002000023,2018,11104,Sunnyside,NY,county,FIPS:36081,1181.0,2.0,10645.0
4002000023,2019,11104,Sunnyside,NY,county,FIPS:36081,1173.0,2.0,10647.0
4002010001,2011,11104,Sunnyside,NY,county,FIPS:36081,1056.0,2.0,10649.0
4002010001,2012,11104,Sunnyside,NY,county,FIPS:36081,1106.0,2.0,10651.0
4002010001,2013,11104,Sunnyside,NY,county,FIPS:36081,1060.0,2.0,10653.0
4002010001,2014,11104,Sunnyside,NY,county,FIPS:36081,1098.0,2.0,10655.0
4002360066,2010,11101,Long Island City,NY,county,FIPS:36081,1038.0,2.0,10657.0
4002360066,2015,11101,Long Island City,NY,county,FIPS:36081,1093.0,2.0,10659.0
4002360066,2016,11101,Long Island City,NY,county,FIPS:36081,1105.0,2.0,10661.0
4002360066,2017,11101,Long Island City,NY,county,FIPS:36081,1134.0,2.0,10663.0
4097110032,2017,11435,Jamaica,NY,county,FIPS:36059,957.0,1.0,10664.0
4097110032,2019,11435,Jamaica,NY,county,FIPS:36059,813.0,1.0,10665.0
4097110032,2021,11435,Jamaica,NY,county,FIPS:36059,964.0,1.0,10666.0
4097110075,2012,11435,Jamaica,NY,county,FIPS:36059,62.0,1.0,10667.0
4097110075,2014,11435,Jamaica,NY,county,FIPS:36059,84.0,1.0,10668.0
4097110075,2016,11435,Jamaica,NY,county,FIPS:36059,424.0,1.0,10669.0
4097110075,2018,11435,Jamaica,NY,county,FIPS:36059,817.0,1.0,10670.0
4097110075,2020,11435,Jamaica,NY,county,FIPS:36059,964.0,1.0,10671.0
4097120161,2010,11370,East Elmhurst,NY,county,FIPS:36059,713.0,1.0,10672.0
4097180002,2013,11435,Jamaica,NY,county,FIPS:36059,88.0,1.0,10673.0
4097180002,2015,11435,Jamaica,NY,county,FIPS:36059,84.0,1.0,10674.0
4097640082,2011,11432,Jamaica,NY,county,FIPS:36059,365.0,1.0,10675.0
2028140073,2019,10457,Bronx,NY,county,FIPS:36085,125.0,1.0,10676.0
2028140073,2020,10457,Bronx,NY,county,FIPS:36085,132.0,1.0,10677.0
2028140073,2021,10457,Bronx,NY,county,FIPS:36085,111.0,1.0,10678.0
2028140082,2017,10457,Bronx,NY,county,FIPS:36085,124.0,1.0,10679.0
2028140082,2018,10457,Bronx,NY,county,FIPS:36085,120.0,1.0,10680.0
